page,tag,text,location,matches
/,title,"Pousada em Paraty com Café da Manhã | Aquino Mar — Caborê, RJ",head,"pousada, Paraty"
/,meta description,"Pousada familiar em Caborê, a poucos minutos do Centro Histórico de Paraty. Café da manhã incluso, piscina, Wi-Fi, ar-condicionado e estacionamento gratuito. Reserve pelo WhatsApp!",head,"pousada, Paraty"
/,aria-label,Início - Pousada Aquino Mar,header 1,pousada
/,alt,Pousada Aquino Mar,header 1,pousada
/,aria-label,Navegação principal,header 1,sem correspondência com termo-alvo
/,CTA (a),A Pousada,header 1,pousada
/,CTA (a),Acomodações,header 1,sem correspondência com termo-alvo
/,CTA (a),Grupos & Caravanas,header 1,sem correspondência com termo-alvo
/,CTA (a),Localização,header 1,sem correspondência com termo-alvo
/,CTA (a),Depoimentos,header 1,sem correspondência com termo-alvo
/,CTA (a),Reservar Estadia,header 1,sem correspondência com termo-alvo
/,aria-label,Abrir menu,header 1,sem correspondência com termo-alvo
/,aria-label,Navegação mobile,header 1,sem correspondência com termo-alvo
/,CTA (a),A Pousada,header 1,pousada
/,CTA (a),Acomodações,header 1,sem correspondência com termo-alvo
/,CTA (a),Grupos & Caravanas,header 1,sem correspondência com termo-alvo
/,CTA (a),Localização,header 1,sem correspondência com termo-alvo
/,CTA (a),Depoimentos,header 1,sem correspondência com termo-alvo
/,CTA (a),Reservar Estadia,header 1,sem correspondência com termo-alvo
/,alt,Pousada Aquino Mar em Paraty,inicio,"pousada, Paraty"
/,body (p),0.0no Tripadvisor,inicio,sem correspondência com termo-alvo
/,body (div),A poucos minutos do Centro Histórico,inicio,sem correspondência com termo-alvo
/,H1,"Sinta-se em casa, perto do mar.",inicio,sem correspondência com termo-alvo
/,body (p),"Pousada Aquino Mar - hospitalidade genuína em Caborê, a poucos minutos do charme das ruas de pedra de Paraty.",inicio,"pousada, Paraty"
/,CTA (a),Ver Nossas Suítes,inicio,sem correspondência com termo-alvo
/,CTA (a),Falar com a Recepção,inicio,sem correspondência com termo-alvo
/,body (p),Pontos de interesse,pontos-de-interesse,sem correspondência com termo-alvo
/,body (span),Praia de São Gonçalo,pontos-de-interesse,sem correspondência com termo-alvo
/,body (span),Ilha do Pelado,pontos-de-interesse,sem correspondência com termo-alvo
/,body (span),Praia da Trindade,pontos-de-interesse,sem correspondência com termo-alvo
/,body (span),Passeio de Escuna,pontos-de-interesse,sem correspondência com termo-alvo
/,body (span),Passeio de Jeep,pontos-de-interesse,sem correspondência com termo-alvo
/,body (span),Igreja de Santa Rita,pontos-de-interesse,sem correspondência com termo-alvo
/,body (span),Praia de São Gonçalo,pontos-de-interesse,sem correspondência com termo-alvo
/,body (span),Ilha do Pelado,pontos-de-interesse,sem correspondência com termo-alvo
/,body (span),Praia da Trindade,pontos-de-interesse,sem correspondência com termo-alvo
/,body (span),Passeio de Escuna,pontos-de-interesse,sem correspondência com termo-alvo
/,body (span),Passeio de Jeep,pontos-de-interesse,sem correspondência com termo-alvo
/,body (span),Igreja de Santa Rita,pontos-de-interesse,sem correspondência com termo-alvo
/,body (p),0.0,avaliacoes,sem correspondência com termo-alvo
/,body (p),Nota no Google,avaliacoes,sem correspondência com termo-alvo
/,body (p),0+,avaliacoes,sem correspondência com termo-alvo
/,body (p),Avaliações de Hóspedes,avaliacoes,sem correspondência com termo-alvo
/,body (p),0%,avaliacoes,sem correspondência com termo-alvo
/,body (p),Satisfação do Cliente,avaliacoes,sem correspondência com termo-alvo
/,alt,Piscina da Pousada Aquino Mar com espreguiçadeiras e logo ao fundo,sobre,pousada
/,alt,"Café da manhã da Pousada Aquino Mar com bolo, frutas e café",sobre,pousada
/,body (p),SOBRE NÓS,sobre,sem correspondência com termo-alvo
/,H2,"Mais que hospedagem, um acolhimento de família",sobre,hospedagem
/,body (p),"Na Pousada Aquino Mar, a hospitalidade nasce do cuidado de uma família que recebe cada visitante com atenção, proximidade e carinho.",sobre,pousada
/,body (p),"Em um ambiente tranquilo e acolhedor, cada detalhe é pensado para que sua estadia em Paraty seja leve, confortável e especial.",sobre,Paraty
/,body (p),"Aqui, cada hóspede é recebido como parte da família.",sobre,sem correspondência com termo-alvo
/,body (p),Hospitalidade familiar em Paraty,sobre,Paraty
/,body (p),NOSSA HISTÓRIA,nossa-historia,sem correspondência com termo-alvo
/,H2,"Um sobrenome, uma família, uma pousada",nossa-historia,pousada
/,body (p),"O nome Aquino Mar carrega o sobrenome da família que também está por trás da Aquinotour, agência de passeios náuticos da região. É a Rose, o esposo e a filha tocando o negócio com as próprias mãos e recebendo cada hóspede como visita de casa.",nossa-historia,sem correspondência com termo-alvo
/,alt,Área da piscina da Pousada Aquino Mar na propriedade,nossa-historia,pousada
/,alt,"Café da manhã preparado com bolo, frutas, pão de queijo e café",nossa-historia,sem correspondência com termo-alvo
/,body (p),"Essa proximidade aparece em cada detalhe: no café da manhã feito com carinho, na atenção redobrada à limpeza dos quartos e na disposição de indicar o melhor passeio ou a praia mais tranquila para quem está de passagem por Paraty.",nossa-historia,Paraty
/,body (p),Cada detalhe carrega um pouco da nossa história.,nossa-historia,sem correspondência com termo-alvo
/,body (p),Família Aquino,nossa-historia,sem correspondência com termo-alvo
/,body (p),CURADORIA LOCAL,destaques,sem correspondência com termo-alvo
/,H2,O que explorar perto da pousada,destaques,pousada
/,body (p),"Lugares especiais de Paraty, escolhidos por quem conhece cada caminho.",destaques,Paraty
/,body (span),01,destaques,sem correspondência com termo-alvo
/,body (span),05,destaques,sem correspondência com termo-alvo
/,alt,Praia de São Gonçalo em Paraty com faixa de areia clara e mar tranquilo,destaques,Paraty
/,body (span),01 / Praias,destaques,sem correspondência com termo-alvo
/,H3,Praia de São Gonçalo,destaques,sem correspondência com termo-alvo
/,body (p),Mar calmo · Boa para famílias,destaques,sem correspondência com termo-alvo
/,body (span),Descobrir o lugar →,destaques,sem correspondência com termo-alvo
/,H3,Praia de São Gonçalo,destaques,sem correspondência com termo-alvo
/,body (p),Mar calmo · Boa para famílias,destaques,sem correspondência com termo-alvo
/,body (span),Descobrir o lugar →,destaques,sem correspondência com termo-alvo
/,alt,Passeio de escuna em Paraty navegando por praias de mar azul,destaques,Paraty
/,body (span),02,destaques,sem correspondência com termo-alvo
/,body (p),Passeio de Escuna,destaques,sem correspondência com termo-alvo
/,H3,Passeio de Escuna,destaques,sem correspondência com termo-alvo
/,alt,Passeio de jeep em Paraty por roteiro de natureza e aventura,destaques,Paraty
/,body (span),03,destaques,sem correspondência com termo-alvo
/,body (p),Passeio de Jeep,destaques,sem correspondência com termo-alvo
/,H3,Passeio de Jeep,destaques,sem correspondência com termo-alvo
/,alt,Ilha do Pelado em Paraty com mar transparente e vegetação costeira,destaques,Paraty
/,body (span),04,destaques,sem correspondência com termo-alvo
/,body (p),Ilha do Pelado,destaques,sem correspondência com termo-alvo
/,H3,Ilha do Pelado,destaques,sem correspondência com termo-alvo
/,alt,Praia da Trindade em Paraty com mar azul e paisagem preservada,destaques,Paraty
/,body (span),05,destaques,sem correspondência com termo-alvo
/,body (p),Praia da Trindade,destaques,sem correspondência com termo-alvo
/,H3,Praia da Trindade,destaques,sem correspondência com termo-alvo
/,body (p),CAFÉ DA MANHÃ,cafe-da-manha,sem correspondência com termo-alvo
/,H2,O café da manhã que faz o dia começar em família,cafe-da-manha,sem correspondência com termo-alvo
/,body (p),"Sabores preparados com cuidado, ingredientes frescos e o acolhimento de uma mesa feita para receber.",cafe-da-manha,sem correspondência com termo-alvo
/,alt,"Buffet de café da manhã da Pousada Aquino Mar com frutas, pães e bolos em uma mesa ampla",cafe-da-manha,pousada
/,H3,Manhãs feitas com cuidado,cafe-da-manha,sem correspondência com termo-alvo
/,body (p),Café fresco · Sabores artesanais · Hospitalidade familiar,cafe-da-manha,sem correspondência com termo-alvo
/,alt,Hóspedes tomando café da manhã em família no salão da Pousada Aquino Mar,cafe-da-manha,pousada
/,alt,"Mesa de café da manhã com bolo, frutas, pão de queijo e café na Pousada Aquino Mar",cafe-da-manha,pousada
/,H3,Preparado com carinho,cafe-da-manha,sem correspondência com termo-alvo
/,body (p),Uma seleção pensada para começar o dia com sabor e tranquilidade.,cafe-da-manha,sem correspondência com termo-alvo
/,H3,Sabores frescos,cafe-da-manha,sem correspondência com termo-alvo
/,body (p),"Frutas, pães, bolos e bebidas servidos em uma mesa acolhedora.",cafe-da-manha,sem correspondência com termo-alvo
/,H3,Tempo à mesa,cafe-da-manha,sem correspondência com termo-alvo
/,body (p),Um momento leve para aproveitar a manhã antes de descobrir Paraty.,cafe-da-manha,Paraty
/,body (p),CONFORTO & CUIDADO,comodidades,sem correspondência com termo-alvo
/,H2,Estrutura e comodidades para uma estadia sem preocupação,comodidades,sem correspondência com termo-alvo
/,body (p),"Da chegada com estacionamento privativo ao cuidado diário com o quarto, tudo foi pensado para você aproveitar Paraty com conforto, tranquilidade e liberdade.",comodidades,Paraty
/,body (p),Cuidamos dos detalhes. Você aproveita a estadia.,comodidades,sem correspondência com termo-alvo
/,body (span),01,comodidades,sem correspondência com termo-alvo
/,H3,Piscina e jardim,comodidades,sem correspondência com termo-alvo
/,body (p),"Áreas externas para descansar entre um passeio e outro, com clima tranquilo de pousada familiar.",comodidades,pousada
/,body (span),02,comodidades,sem correspondência com termo-alvo
/,H3,Wi-Fi e ar-condicionado,comodidades,sem correspondência com termo-alvo
/,body (p),"Conforto essencial nos quartos para relaxar, trabalhar ou planejar o próximo dia em Paraty.",comodidades,Paraty
/,body (span),03,comodidades,sem correspondência com termo-alvo
/,H3,Estacionamento gratuito,comodidades,sem correspondência com termo-alvo
/,body (p),"Vaga privativa sem custo, um diferencial para quem quer evitar a disputa por espaço no centro.",comodidades,sem correspondência com termo-alvo
/,body (span),04,comodidades,sem correspondência com termo-alvo
/,H3,Limpeza e enxoval,comodidades,sem correspondência com termo-alvo
/,body (p),Limpeza diária e enxoval de qualidade para a estadia manter sempre a sensação de cuidado.,comodidades,sem correspondência com termo-alvo
/,body (p),ACOMODAÇÕES,quartos,sem correspondência com termo-alvo
/,H2,Quartos para descansar em Paraty,quartos,Paraty
/,body (p),"Ambientes acolhedores, preparados para noites tranquilas e manhãs leves perto de tudo o que Paraty oferece.",quartos,Paraty
/,body (p),02 acomodações,quartos,sem correspondência com termo-alvo
/,CTA (a),Todas,quartos,sem correspondência com termo-alvo
/,CTA (a),Casal,quartos,sem correspondência com termo-alvo
/,CTA (a),Múltipla,quartos,sem correspondência com termo-alvo
/,alt,Suíte Casal - foto 1,quartos,sem correspondência com termo-alvo
/,body (div),01 — CASAL,quartos,sem correspondência com termo-alvo
/,aria-label,Imagem anterior,quartos,sem correspondência com termo-alvo
/,aria-label,Próxima imagem,quartos,sem correspondência com termo-alvo
/,body (span),01,quartos,sem correspondência com termo-alvo
/,body (span),/,quartos,sem correspondência com termo-alvo
/,body (span),04,quartos,sem correspondência com termo-alvo
/,H3,Suíte Casal,quartos,sem correspondência com termo-alvo
/,body (p),5 unidades,quartos,sem correspondência com termo-alvo
/,body (p),"Ambiente intimista e confortável, ideal para casais ou estadias individuais que prezam por espaço e privacidade. Contamos com 5 unidades idênticas nesta categoria, todas oferecendo um espaço amplo e acabamento padronizado.",quartos,sem correspondência com termo-alvo
/,body (span),Acomoda,quartos,sem correspondência com termo-alvo
/,body (span),2,quartos,sem correspondência com termo-alvo
/,body (span),Cama King Size (2m x 2m) e poltrona,quartos,sem correspondência com termo-alvo
/,body (span),"Cabore, Paraty - RJ",quartos,Paraty
/,CTA (a),Reservar esta suíte,quartos,sem correspondência com termo-alvo
/,CTA (a),Ver detalhes →,quartos,sem correspondência com termo-alvo
/,alt,Suíte Múltipla - foto 1,quartos,sem correspondência com termo-alvo
/,body (div),02 — FAMÍLIA,quartos,sem correspondência com termo-alvo
/,aria-label,Imagem anterior,quartos,sem correspondência com termo-alvo
/,aria-label,Próxima imagem,quartos,sem correspondência com termo-alvo
/,body (span),01,quartos,sem correspondência com termo-alvo
/,body (span),/,quartos,sem correspondência com termo-alvo
/,body (span),05,quartos,sem correspondência com termo-alvo
/,H3,Suíte Múltipla,quartos,sem correspondência com termo-alvo
/,body (p),13 unidades,quartos,sem correspondência com termo-alvo
/,body (p),"Alta versatilidade e flexibilidade de ocupação, ideal para famílias, pequenos grupos ou viagens corporativas. Temos 13 unidades modulares que acomodam confortavelmente 3 ou 4 pessoas em um espaço amplo e bem equipado.",quartos,sem correspondência com termo-alvo
/,body (span),Acomoda,quartos,sem correspondência com termo-alvo
/,body (span),4,quartos,sem correspondência com termo-alvo
/,body (span),Cama King Size modular (p/ 3 ou 4 pax),quartos,sem correspondência com termo-alvo
/,body (span),"Cabore, Paraty - RJ",quartos,Paraty
/,CTA (a),Reservar esta suíte,quartos,sem correspondência com termo-alvo
/,CTA (a),Ver detalhes →,quartos,sem correspondência com termo-alvo
/,alt,,localizacao,sem correspondência com termo-alvo
/,body (p),LOCALIZAÇÃO,localizacao,sem correspondência com termo-alvo
/,H2,Localização e como chegar,localizacao,sem correspondência com termo-alvo
/,body (p),+ Endereço completo,localizacao,sem correspondência com termo-alvo
/,body (p),+ Mapa incorporado,localizacao,sem correspondência com termo-alvo
/,body (p),+ 12-20 min do Centro,localizacao,sem correspondência com termo-alvo
/,title (atributo),Mapa da Pousada Aquino Mar,localizacao,pousada
/,body (p),"No Caboré, a pousada fica em uma rua residencial e tranquila, com acesso fácil ao Centro Histórico e aos principais passeios de Paraty.",localizacao,"pousada, Paraty"
/,body (div),01,localizacao,sem correspondência com termo-alvo
/,body (p),Endereço,localizacao,sem correspondência com termo-alvo
/,H3,"Rua Guapuruvu, 371",localizacao,sem correspondência com termo-alvo
/,body (p),"Caboré, Paraty - RJ, CEP 23970-000.",localizacao,Paraty
/,body (div),02,localizacao,sem correspondência com termo-alvo
/,body (p),Centro,localizacao,sem correspondência com termo-alvo
/,H3,12-20 min a pé,localizacao,sem correspondência com termo-alvo
/,body (p),"Caminho prático até o Centro Histórico, em ritmo tranquilo.",localizacao,sem correspondência com termo-alvo
/,body (div),03,localizacao,sem correspondência com termo-alvo
/,body (p),Bairro,localizacao,sem correspondência com termo-alvo
/,H3,Caboré residencial,localizacao,sem correspondência com termo-alvo
/,body (p),"Mais silêncio para descansar, sem perder acesso ao movimento de Paraty.",localizacao,Paraty
/,body (div),04,localizacao,sem correspondência com termo-alvo
/,body (p),Chegada,localizacao,sem correspondência com termo-alvo
/,H3,Estacione sem custo,localizacao,sem correspondência com termo-alvo
/,body (p),Estacionamento privativo gratuito para chegar de carro com tranquilidade.,localizacao,sem correspondência com termo-alvo
/,body (p),MEMÓRIAS DA POUSADA,momentos,pousada
/,H2,Momentos que nossos hóspedes viveram na pousada,momentos,pousada
/,body (p),"Cada foto aqui é de uma família que se hospedou na Pousada Aquino Mar, momentos reais, sorrisos reais.",momentos,pousada
/,alt,Família hospedada vivendo momentos especiais na Pousada Aquino Mar,momentos,pousada
/,alt,Casal sorrindo durante estadia em Paraty,momentos,Paraty
/,alt,Hóspedes aproveitando dias tranquilos perto do mar,momentos,sem correspondência com termo-alvo
/,alt,Grupo reunido em uma viagem para Paraty,momentos,Paraty
/,alt,Hóspedes relaxando durante a estadia,momentos,sem correspondência com termo-alvo
/,alt,Família explorando a região de Paraty,momentos,Paraty
/,alt,Vista de viagem registrada por hóspedes,momentos,sem correspondência com termo-alvo
/,alt,Momentos especiais vividos por hóspedes da pousada,momentos,pousada
/,alt,Fim de tarde durante viagem em família,momentos,sem correspondência com termo-alvo
/,alt,Mais momentos de alegria de nossos hóspedes,momentos,sem correspondência com termo-alvo
/,alt,Aproveitando a vida em Paraty,momentos,Paraty
/,alt,Sorrisos de nossos hóspedes na pousada,momentos,pousada
/,body (p),PERGUNTAS FREQUENTES,faq,sem correspondência com termo-alvo
/,H2,Tire suas dúvidas,faq,sem correspondência com termo-alvo
/,body (p),Tudo o que você precisa saber antes de se hospedar com a gente em Paraty.,faq,Paraty
/,H3,Não encontrou sua resposta?,faq,sem correspondência com termo-alvo
/,body (p),Fale diretamente com a equipe da pousada para consultar disponibilidade e detalhes da estadia.,faq,pousada
/,CTA (a),Fale com a gente,faq,sem correspondência com termo-alvo
/,CTA (button),01O café da manhã está incluído na diária?,faq,sem correspondência com termo-alvo
/,CTA (button),02A pousada tem estacionamento?,faq,pousada
/,CTA (button),03Qual é a distância até o Centro Histórico de Paraty?,faq,Paraty
/,CTA (button),04Os quartos têm ar-condicionado e Wi-Fi?,faq,sem correspondência com termo-alvo
/,CTA (button),05A pousada tem piscina e áreas comuns?,faq,pousada
/,CTA (button),06Como faço para consultar disponibilidade ou reservar?,faq,sem correspondência com termo-alvo
/,CTA (button),07A pousada é indicada para famílias?,faq,pousada
/,body (p),DEPOIMENTOS,depoimentos,sem correspondência com termo-alvo
/,H2,O que nossos hóspedes dizem,depoimentos,sem correspondência com termo-alvo
/,body (p),"Nota real 5.0 no Google, com mais de 411 avaliações de hóspedes reais.",depoimentos,sem correspondência com termo-alvo
/,aria-label,5 estrelas,depoimentos,sem correspondência com termo-alvo
/,body (p),"Café da manhã da pousada excelente, com grande variedade de bolos, frios, frutas e sucos naturais. A limpeza dos quartos e das áreas comuns é impecável, e as toalhas são de ótima qualidade.",depoimentos,pousada
/,body (span),Idalete Pacheco,depoimentos,sem correspondência com termo-alvo
/,body (span),Google,depoimentos,sem correspondência com termo-alvo
/,aria-label,5 estrelas,depoimentos,sem correspondência com termo-alvo
/,body (p),"Pousada maravilhosa! Quartos grandes, tudo limpinho, café da manhã com tudo fresquinho. O atendimento da família que é proprietária foi show! Sempre prontos a ajudar.",depoimentos,pousada
/,body (span),Roseli Ferreira,depoimentos,sem correspondência com termo-alvo
/,body (span),Google,depoimentos,sem correspondência com termo-alvo
/,aria-label,5 estrelas,depoimentos,sem correspondência com termo-alvo
/,body (p),"Rose é uma anfitriã maravilhosa, super atenciosa, prestativa, educada, dedicada, faltam elogios! Nos auxiliou na indicação de passeios.",depoimentos,sem correspondência com termo-alvo
/,body (span),Thais Alves,depoimentos,sem correspondência com termo-alvo
/,body (span),Google,depoimentos,sem correspondência com termo-alvo
/,aria-label,5 estrelas,depoimentos,sem correspondência com termo-alvo
/,body (p),"Quarto novo, impecável, cama grande, ar condicionado muito bom. Sem contar o café da manhã excelente e o serviço de atendimento muito bom.",depoimentos,sem correspondência com termo-alvo
/,body (span),Danilo Romeu,depoimentos,sem correspondência com termo-alvo
/,body (span),Google,depoimentos,sem correspondência com termo-alvo
/,aria-label,5 estrelas,depoimentos,sem correspondência com termo-alvo
/,body (p),"Lugar maravilhoso! Café da manhã variado, caprichado e feito com amor. Thiago e Rose são pessoas muito queridas e atenciosas. Recomendo fortemente!",depoimentos,sem correspondência com termo-alvo
/,body (span),Nedi Ropke,depoimentos,sem correspondência com termo-alvo
/,body (span),Google,depoimentos,sem correspondência com termo-alvo
/,aria-label,5 estrelas,depoimentos,sem correspondência com termo-alvo
/,body (p),"As toalhas de banho impecáveis e cheirosas. Roupas de cama, quarto, banheiro. Café da manhã uma delícia. Foi uma estadia perfeita.",depoimentos,sem correspondência com termo-alvo
/,body (span),Marcia Seefeldt,depoimentos,sem correspondência com termo-alvo
/,body (span),Google,depoimentos,sem correspondência com termo-alvo
/,aria-label,5 estrelas,depoimentos,sem correspondência com termo-alvo
/,body (p),"Quartos limpos, amplos com ar condicionado. Café da manhã excepcional! Tudo limpinho e bem organizado.",depoimentos,sem correspondência com termo-alvo
/,body (span),Camila Lazaro,depoimentos,sem correspondência com termo-alvo
/,body (span),Google,depoimentos,sem correspondência com termo-alvo
/,aria-label,5 estrelas,depoimentos,sem correspondência com termo-alvo
/,body (p),"Profissionais super capacitados, atendimento de primeira classe. Gratidão ao senhor Tiago e sua família pelo acolhimento maravilhoso.",depoimentos,sem correspondência com termo-alvo
/,body (span),José Orlando Albiero,depoimentos,sem correspondência com termo-alvo
/,body (span),Google,depoimentos,sem correspondência com termo-alvo
/,body (p),RESERVA DIRETA,Pronta para sua próxima estadia?,sem correspondência com termo-alvo
/,H2,Pronta para sua próxima estadia?,Pronta para sua próxima estadia?,sem correspondência com termo-alvo
/,body (p),"Fale direto com a gente pelo WhatsApp e garanta sua reserva na Pousada Aquino Mar, sem intermediários.",Pronta para sua próxima estadia?,pousada
/,CTA (a),Fale pelo WhatsApp,Pronta para sua próxima estadia?,sem correspondência com termo-alvo
/,body (p),Nota 5.0 no Google · 411+ avaliações,Pronta para sua próxima estadia?,sem correspondência com termo-alvo
/,alt,,contato,sem correspondência com termo-alvo
/,alt,,contato,sem correspondência com termo-alvo
/,alt,Pousada Aquino Mar,contato,pousada
/,body (p),"Acolhimento familiar em Caboré, Paraty, com localização tranquila, café da manhã e contato direto com a pousada.",contato,"pousada, Paraty"
/,CTA (a),Reservar no WhatsApp,contato,sem correspondência com termo-alvo
/,H3,Navegação,contato,sem correspondência com termo-alvo
/,CTA (a),Início,contato,sem correspondência com termo-alvo
/,CTA (a),Sobre nós,contato,sem correspondência com termo-alvo
/,CTA (a),Quartos,contato,sem correspondência com termo-alvo
/,CTA (a),Localização,contato,sem correspondência com termo-alvo
/,CTA (a),Depoimentos,contato,sem correspondência com termo-alvo
/,H3,Contato,contato,sem correspondência com termo-alvo
/,body (p),"R. Guapuruvu, 371 - Caborê, Paraty - RJ, 23970-000",contato,Paraty
/,CTA (a),(24) 99828-0363,contato,sem correspondência com termo-alvo
/,CTA (a),contato@pousadaaquinomar.com.br,contato,sem correspondência com termo-alvo
/,aria-label,Instagram da Pousada Aquino Mar,contato,pousada
/,aria-label,Facebook da Pousada Aquino Mar,contato,pousada
/,H3,Onde estamos,contato,sem correspondência com termo-alvo
/,title (atributo),"Localização Pousada Aquino Mar - Caboré, Paraty",contato,"pousada, Paraty"
/,body (p),© 2026 Pousada Aquino Mar. Todos os direitos reservados.,contato,pousada
/,body (span),Desenvolvido por,contato,sem correspondência com termo-alvo
/,CTA (a),Off-Data,contato,sem correspondência com termo-alvo
/,CTA (a),Política de Privacidade e Cookies,contato,sem correspondência com termo-alvo
/,CTA (button),Preferências de cookies,contato,sem correspondência com termo-alvo
/,body (p),"Sim. O café da manhã está incluído e é servido das 8h às 10h, com mesa preparada pela família da pousada, opções frescas e aquele cuidado de casa que os hóspedes sempre elogiam.",FAQ item 1 / resposta ao expandir,pousada
/,body (p),Temos estacionamento privativo gratuito para hóspedes. É um diferencial importante para quem quer ficar em um bairro tranquilo de Paraty sem depender de vagas disputadas no Centro Histórico.,FAQ item 2 / resposta ao expandir,Paraty
/,body (p),"A Pousada Aquino Mar fica no Caboré, em uma rua residencial e tranquila. O trajeto até o Centro Histórico leva em média de 12 a 20 minutos a pé, em ritmo tranquilo.",FAQ item 3 / resposta ao expandir,pousada
/,body (p),"Sim. As acomodações contam com ar-condicionado e Wi-Fi, além de enxoval de qualidade e limpeza diária para deixar a estadia mais confortável.",FAQ item 4 / resposta ao expandir,sem correspondência com termo-alvo
/,body (p),"Sim. A pousada oferece piscina, jardim e áreas de convivência pensadas para uma experiência leve, familiar e acolhedora depois dos passeios por Paraty.",FAQ item 5 / resposta ao expandir,"pousada, Paraty"
/,body (p),"Você pode falar direto pelo WhatsApp da Pousada Aquino Mar. A equipe confirma disponibilidade, valores atualizados e ajuda a escolher o quarto mais adequado para sua viagem.",FAQ item 6 / resposta ao expandir,pousada
/,body (p),"Sim. O atendimento familiar é um dos pontos mais fortes da pousada, com acolhimento próximo, quartos confortáveis e uma rotina pensada para quem busca hospitalidade de verdade em Paraty.",FAQ item 7 / resposta ao expandir,"pousada, Paraty"
/,aria-label,Aviso de cookies,Cookies / estados condicionais,sem correspondência com termo-alvo
/,body (div),Cookies,Cookies / estados condicionais,sem correspondência com termo-alvo
/,body (p),"Utilizamos cookies para melhorar sua experiência, analisar o uso do site e, quando autorizado, personalizar conteúdos. Você pode aceitar todos, recusar os não essenciais ou ajustar suas preferências.",Cookies / estados condicionais,sem correspondência com termo-alvo
/,CTA (button),Aceitar todos,Cookies / estados condicionais,sem correspondência com termo-alvo
/,CTA (button),Recusar não essenciais,Cookies / estados condicionais,sem correspondência com termo-alvo
/,CTA (button),Configurar,Cookies / estados condicionais,sem correspondência com termo-alvo
/,body (p),Preferências,Cookies / estados condicionais,sem correspondência com termo-alvo
/,H2,Configurar cookies,Cookies / estados condicionais,sem correspondência com termo-alvo
/,aria-label,Fechar preferências de cookies,Cookies / estados condicionais,sem correspondência com termo-alvo
/,body (preferencia),Necessários,Cookies / estados condicionais,sem correspondência com termo-alvo
/,body (preferencia),"Essenciais para segurança, funcionamento do site e preferências básicas.",Cookies / estados condicionais,sem correspondência com termo-alvo
/,body (preferencia),Analytics,Cookies / estados condicionais,sem correspondência com termo-alvo
/,body (preferencia),Ajudam a entender visitas e melhorar o conteúdo quando autorizados.,Cookies / estados condicionais,sem correspondência com termo-alvo
/,body (preferencia),Marketing,Cookies / estados condicionais,sem correspondência com termo-alvo
/,body (preferencia),Podem personalizar conteúdos e campanhas quando autorizados.,Cookies / estados condicionais,sem correspondência com termo-alvo
/,CTA (button),Salvar preferências,Cookies / estados condicionais,sem correspondência com termo-alvo
/,aria-label,Oferta de 5% OFF na primeira reserva,Popup de desconto / estado condicional,sem correspondência com termo-alvo
/,alt,"Antes de sair, garanta 5% OFF na sua primeira reserva falando com a equipe da Pousada Aquino Mar pelo WhatsApp.",Popup de desconto / estado condicional,pousada
/,aria-label,Abrir WhatsApp para aproveitar 5% OFF na primeira reserva,Popup de desconto / estado condicional,sem correspondência com termo-alvo
/,body (span),Quero meu desconto pelo WhatsApp,Popup de desconto / estado condicional,sem correspondência com termo-alvo
/,aria-label,Fechar oferta,Popup de desconto / estado condicional,sem correspondência com termo-alvo
/grupos-e-caravanas,title,Pousada para Grupos e Caravanas em Paraty | Aquino Mar,head,"pousada, Paraty"
/grupos-e-caravanas,meta description,"Hospedagem para grupos, excursões e caravanas em Paraty com atendimento direto da Pousada Aquino Mar. Consulte disponibilidade para sua viagem.",head,"pousada, Paraty, hospedagem"
/grupos-e-caravanas,aria-label,Início - Pousada Aquino Mar,header 1,pousada
/grupos-e-caravanas,alt,Pousada Aquino Mar,header 1,pousada
/grupos-e-caravanas,aria-label,Navegação principal,header 1,sem correspondência com termo-alvo
/grupos-e-caravanas,CTA (a),A Pousada,header 1,pousada
/grupos-e-caravanas,CTA (a),Acomodações,header 1,sem correspondência com termo-alvo
/grupos-e-caravanas,CTA (a),Grupos & Caravanas,header 1,sem correspondência com termo-alvo
/grupos-e-caravanas,CTA (a),Localização,header 1,sem correspondência com termo-alvo
/grupos-e-caravanas,CTA (a),Depoimentos,header 1,sem correspondência com termo-alvo
/grupos-e-caravanas,CTA (a),Reservar Estadia,header 1,sem correspondência com termo-alvo
/grupos-e-caravanas,aria-label,Abrir menu,header 1,sem correspondência com termo-alvo
/grupos-e-caravanas,aria-label,Navegação mobile,header 1,sem correspondência com termo-alvo
/grupos-e-caravanas,CTA (a),A Pousada,header 1,pousada
/grupos-e-caravanas,CTA (a),Acomodações,header 1,sem correspondência com termo-alvo
/grupos-e-caravanas,CTA (a),Grupos & Caravanas,header 1,sem correspondência com termo-alvo
/grupos-e-caravanas,CTA (a),Localização,header 1,sem correspondência com termo-alvo
/grupos-e-caravanas,CTA (a),Depoimentos,header 1,sem correspondência com termo-alvo
/grupos-e-caravanas,CTA (a),Reservar Estadia,header 1,sem correspondência com termo-alvo
/grupos-e-caravanas,alt,Área da piscina da Pousada Aquino Mar em Paraty - Hospedagem para grupos,Seu grupo em Paraty.A hospedagem fica com a gente.,"pousada, Paraty, hospedagem"
/grupos-e-caravanas,body (p),Atendimento diretopara grupos,Seu grupo em Paraty.A hospedagem fica com a gente.,sem correspondência com termo-alvo
/grupos-e-caravanas,body (div),GRUPOS & CARAVANAS,Seu grupo em Paraty.A hospedagem fica com a gente.,sem correspondência com termo-alvo
/grupos-e-caravanas,H1,Seu grupo em Paraty.A hospedagem fica com a gente.,Seu grupo em Paraty.A hospedagem fica com a gente.,"Paraty, hospedagem"
/grupos-e-caravanas,body (p),"Recebemos grupos, excursões e caravanas em Paraty com atendimento direto para organizadores, agências e empresas de turismo.",Seu grupo em Paraty.A hospedagem fica com a gente.,Paraty
/grupos-e-caravanas,CTA (a),Solicitar cotação para meu grupo,Seu grupo em Paraty.A hospedagem fica com a gente.,sem correspondência com termo-alvo
/grupos-e-caravanas,CTA (a),Falar com a Aquino Mar,Seu grupo em Paraty.A hospedagem fica com a gente.,sem correspondência com termo-alvo
/grupos-e-caravanas,body (p),HOSPEDAGEM B2B EM PARATY,Sim. A Aquino Mar recebe grupos em Paraty.,"Paraty, hospedagem"
/grupos-e-caravanas,H2,Sim. A Aquino Mar recebe grupos em Paraty.,Sim. A Aquino Mar recebe grupos em Paraty.,Paraty
/grupos-e-caravanas,body (p),"Se você organiza excursões, viagens em grupo ou caravanas, nossa equipe pode ajudar a montar a hospedagem de acordo com a composição da viagem, disponibilidade e período.",Sim. A Aquino Mar recebe grupos em Paraty.,hospedagem
/grupos-e-caravanas,body (span),01,Sim. A Aquino Mar recebe grupos em Paraty.,sem correspondência com termo-alvo
/grupos-e-caravanas,H3,Atendimento direto ao organizador,Sim. A Aquino Mar recebe grupos em Paraty.,sem correspondência com termo-alvo
/grupos-e-caravanas,body (span),02,Sim. A Aquino Mar recebe grupos em Paraty.,sem correspondência com termo-alvo
/grupos-e-caravanas,H3,Acomodações para diferentes perfis,Sim. A Aquino Mar recebe grupos em Paraty.,sem correspondência com termo-alvo
/grupos-e-caravanas,body (span),03,Sim. A Aquino Mar recebe grupos em Paraty.,sem correspondência com termo-alvo
/grupos-e-caravanas,H3,Café da manhã,Sim. A Aquino Mar recebe grupos em Paraty.,sem correspondência com termo-alvo
/grupos-e-caravanas,body (span),04,Sim. A Aquino Mar recebe grupos em Paraty.,sem correspondência com termo-alvo
/grupos-e-caravanas,H3,Localização em Paraty,Sim. A Aquino Mar recebe grupos em Paraty.,Paraty
/grupos-e-caravanas,body (p),COMO FUNCIONA,Você organiza a viagem.Nós organizamos a estadia.,sem correspondência com termo-alvo
/grupos-e-caravanas,H2,Você organiza a viagem.Nós organizamos a estadia.,Você organiza a viagem.Nós organizamos a estadia.,sem correspondência com termo-alvo
/grupos-e-caravanas,body (p),"Um processo simples, direto e pensado para quem precisa centralizar informações antes da chegada do grupo.",Você organiza a viagem.Nós organizamos a estadia.,sem correspondência com termo-alvo
/grupos-e-caravanas,body (span),01,Você organiza a viagem.Nós organizamos a estadia.,sem correspondência com termo-alvo
/grupos-e-caravanas,H3,Conte sobre seu grupo,Você organiza a viagem.Nós organizamos a estadia.,sem correspondência com termo-alvo
/grupos-e-caravanas,body (p),"Data, período e quantidade aproximada de viajantes.",Você organiza a viagem.Nós organizamos a estadia.,sem correspondência com termo-alvo
/grupos-e-caravanas,body (span),02,Você organiza a viagem.Nós organizamos a estadia.,sem correspondência com termo-alvo
/grupos-e-caravanas,H3,Montamos a melhor configuração,Você organiza a viagem.Nós organizamos a estadia.,sem correspondência com termo-alvo
/grupos-e-caravanas,body (p),Nossa equipe verifica disponibilidade e combinações possíveis de acomodação.,Você organiza a viagem.Nós organizamos a estadia.,sem correspondência com termo-alvo
/grupos-e-caravanas,body (span),03,Você organiza a viagem.Nós organizamos a estadia.,sem correspondência com termo-alvo
/grupos-e-caravanas,H3,Alinhamos diretamente com você,Você organiza a viagem.Nós organizamos a estadia.,sem correspondência com termo-alvo
/grupos-e-caravanas,body (p),Centralizamos as informações da hospedagem com o responsável pela excursão.,Você organiza a viagem.Nós organizamos a estadia.,hospedagem
/grupos-e-caravanas,body (span),04,Você organiza a viagem.Nós organizamos a estadia.,sem correspondência com termo-alvo
/grupos-e-caravanas,H3,O grupo chega a Paraty,Você organiza a viagem.Nós organizamos a estadia.,Paraty
/grupos-e-caravanas,body (p),Com a hospedagem previamente alinhada.,Você organiza a viagem.Nós organizamos a estadia.,hospedagem
/grupos-e-caravanas,body (p),ESTRUTURA,Uma estrutura pensada para receber bem.,sem correspondência com termo-alvo
/grupos-e-caravanas,H2,Uma estrutura pensada para receber bem.,Uma estrutura pensada para receber bem.,sem correspondência com termo-alvo
/grupos-e-caravanas,body (p),"Ambientes de descanso, áreas de convivência, café da manhã e localização estratégica para completar a experiência do grupo em Paraty.",Uma estrutura pensada para receber bem.,Paraty
/grupos-e-caravanas,alt,Piscina e áreas sociais da Pousada Aquino Mar em Paraty para recepção de grupos,Uma estrutura pensada para receber bem.,"pousada, Paraty"
/grupos-e-caravanas,H3,Áreas para pausa e convivência,Uma estrutura pensada para receber bem.,sem correspondência com termo-alvo
/grupos-e-caravanas,body (p),Piscina · descanso · acolhimento familiar,Uma estrutura pensada para receber bem.,sem correspondência com termo-alvo
/grupos-e-caravanas,alt,Buffet de café da manhã da Pousada Aquino Mar em Paraty,Uma estrutura pensada para receber bem.,"pousada, Paraty"
/grupos-e-caravanas,alt,Acomodação confortável da Pousada Aquino Mar para grupos e excursões,Uma estrutura pensada para receber bem.,pousada
/grupos-e-caravanas,alt,"Área externa e jardim da Pousada Aquino Mar no Caboré, Paraty",Uma estrutura pensada para receber bem.,"pousada, Paraty"
/grupos-e-caravanas,alt,Quarto triplo e suítes da Pousada Aquino Mar para grupos e famílias em Paraty,Uma hospedagem que se adapta ao seu grupo.,"pousada, Paraty"
/grupos-e-caravanas,body (div),Solução para grupos,Uma hospedagem que se adapta ao seu grupo.,sem correspondência com termo-alvo
/grupos-e-caravanas,body (p),HOSPEDAGEM PARA GRUPOS,Uma hospedagem que se adapta ao seu grupo.,hospedagem
/grupos-e-caravanas,H2,Uma hospedagem que se adapta ao seu grupo.,Uma hospedagem que se adapta ao seu grupo.,hospedagem
/grupos-e-caravanas,body (p),"Organizamos a combinação de acomodações de acordo com a composição da viagem, o período e a disponibilidade.",Uma hospedagem que se adapta ao seu grupo.,sem correspondência com termo-alvo
/grupos-e-caravanas,body (span),Acomodações para diferentes perfis,Uma hospedagem que se adapta ao seu grupo.,sem correspondência com termo-alvo
/grupos-e-caravanas,body (span),Organização conforme disponibilidade,Uma hospedagem que se adapta ao seu grupo.,sem correspondência com termo-alvo
/grupos-e-caravanas,body (span),Atendimento direto ao responsável,Uma hospedagem que se adapta ao seu grupo.,sem correspondência com termo-alvo
/grupos-e-caravanas,body (span),Café da manhã,Uma hospedagem que se adapta ao seu grupo.,sem correspondência com termo-alvo
/grupos-e-caravanas,body (span),Cotação personalizada,Uma hospedagem que se adapta ao seu grupo.,sem correspondência com termo-alvo
/grupos-e-caravanas,CTA (a),Consultar meu grupo,Uma hospedagem que se adapta ao seu grupo.,sem correspondência com termo-alvo
/grupos-e-caravanas,CTA (a),Conhecer nossas suítes →,Uma hospedagem que se adapta ao seu grupo.,sem correspondência com termo-alvo
/grupos-e-caravanas,body (p),Cotação direta sem intermediários,Uma hospedagem que se adapta ao seu grupo.,sem correspondência com termo-alvo
/grupos-e-caravanas,body (p),DIFERENTES PERFIS,Cada grupo é diferente.A hospedagem também pode ser.,sem correspondência com termo-alvo
/grupos-e-caravanas,H2,Cada grupo é diferente.A hospedagem também pode ser.,Cada grupo é diferente.A hospedagem também pode ser.,hospedagem
/grupos-e-caravanas,body (p),"Casais, famílias, amigos, guias e diferentes perfis de viajantes podem exigir configurações distintas. Nossa equipe avalia as opções disponíveis e orienta o organizador sobre a melhor distribuição das acomodações.",Cada grupo é diferente.A hospedagem também pode ser.,sem correspondência com termo-alvo
/grupos-e-caravanas,body (span),01,Cada grupo é diferente.A hospedagem também pode ser.,sem correspondência com termo-alvo
/grupos-e-caravanas,body (p),Casais,Cada grupo é diferente.A hospedagem também pode ser.,sem correspondência com termo-alvo
/grupos-e-caravanas,body (span),02,Cada grupo é diferente.A hospedagem também pode ser.,sem correspondência com termo-alvo
/grupos-e-caravanas,body (p),Famílias,Cada grupo é diferente.A hospedagem também pode ser.,sem correspondência com termo-alvo
/grupos-e-caravanas,body (span),03,Cada grupo é diferente.A hospedagem também pode ser.,sem correspondência com termo-alvo
/grupos-e-caravanas,body (p),Amigos,Cada grupo é diferente.A hospedagem também pode ser.,sem correspondência com termo-alvo
/grupos-e-caravanas,body (span),04,Cada grupo é diferente.A hospedagem também pode ser.,sem correspondência com termo-alvo
/grupos-e-caravanas,body (p),Excursões,Cada grupo é diferente.A hospedagem também pode ser.,sem correspondência com termo-alvo
/grupos-e-caravanas,body (span),05,Cada grupo é diferente.A hospedagem também pode ser.,sem correspondência com termo-alvo
/grupos-e-caravanas,body (p),Grupos organizados,Cada grupo é diferente.A hospedagem também pode ser.,sem correspondência com termo-alvo
/grupos-e-caravanas,body (p),CAFÉ DA MANHÃ,O grupo começa o dia junto.,sem correspondência com termo-alvo
/grupos-e-caravanas,H2,O grupo começa o dia junto.,O grupo começa o dia junto.,sem correspondência com termo-alvo
/grupos-e-caravanas,body (p),Começar o dia na própria pousada traz mais praticidade para o grupo antes de sair para conhecer Paraty.,O grupo começa o dia junto.,"pousada, Paraty"
/grupos-e-caravanas,body (p),Consulte nossa equipe sobre horários e organização conforme o período da sua viagem.,O grupo começa o dia junto.,sem correspondência com termo-alvo
/grupos-e-caravanas,alt,"Buffet de café da manhã da Pousada Aquino Mar com frutas, pães e bolos",O grupo começa o dia junto.,pousada
/grupos-e-caravanas,H3,Mais praticidade antes do roteiro,O grupo começa o dia junto.,sem correspondência com termo-alvo
/grupos-e-caravanas,body (p),Café fresco · grupo reunido · saída mais tranquila,O grupo começa o dia junto.,sem correspondência com termo-alvo
/grupos-e-caravanas,alt,Hóspedes tomando café da manhã em família no salão da Pousada Aquino Mar,O grupo começa o dia junto.,pousada
/grupos-e-caravanas,alt,"Mesa de café da manhã com bolo, frutas, pão de queijo e café",O grupo começa o dia junto.,sem correspondência com termo-alvo
/grupos-e-caravanas,body (p),COMODIDADES,Benefícios que ajudam na logística do grupo.,sem correspondência com termo-alvo
/grupos-e-caravanas,H2,Benefícios que ajudam na logística do grupo.,Benefícios que ajudam na logística do grupo.,sem correspondência com termo-alvo
/grupos-e-caravanas,body (p),Estrutura e atendimento direto para deixar a hospedagem mais simples para quem organiza a viagem.,Benefícios que ajudam na logística do grupo.,hospedagem
/grupos-e-caravanas,body (p),"Quando a hospedagem está organizada, o grupo aproveita melhor a viagem.",Benefícios que ajudam na logística do grupo.,hospedagem
/grupos-e-caravanas,body (span),01,Benefícios que ajudam na logística do grupo.,sem correspondência com termo-alvo
/grupos-e-caravanas,H3,Café da manhã,Benefícios que ajudam na logística do grupo.,sem correspondência com termo-alvo
/grupos-e-caravanas,body (p),Mais praticidade para o grupo começar o dia antes de sair para conhecer Paraty.,Benefícios que ajudam na logística do grupo.,Paraty
/grupos-e-caravanas,body (span),02,Benefícios que ajudam na logística do grupo.,sem correspondência com termo-alvo
/grupos-e-caravanas,H3,Wi-Fi,Benefícios que ajudam na logística do grupo.,sem correspondência com termo-alvo
/grupos-e-caravanas,body (p),"Conforto essencial para organizadores, guias e hóspedes durante a estadia.",Benefícios que ajudam na logística do grupo.,sem correspondência com termo-alvo
/grupos-e-caravanas,body (span),03,Benefícios que ajudam na logística do grupo.,sem correspondência com termo-alvo
/grupos-e-caravanas,H3,Piscina,Benefícios que ajudam na logística do grupo.,sem correspondência com termo-alvo
/grupos-e-caravanas,body (p),Um espaço de descanso para aproveitar entre um roteiro e outro.,Benefícios que ajudam na logística do grupo.,sem correspondência com termo-alvo
/grupos-e-caravanas,body (span),04,Benefícios que ajudam na logística do grupo.,sem correspondência com termo-alvo
/grupos-e-caravanas,H3,Atendimento direto,Benefícios que ajudam na logística do grupo.,sem correspondência com termo-alvo
/grupos-e-caravanas,body (p),Converse com a equipe da pousada para alinhar disponibilidade e necessidades da viagem.,Benefícios que ajudam na logística do grupo.,pousada
/grupos-e-caravanas,alt,Pousada Aquino Mar localizada no bairro Caboré em Paraty,Uma base estratégica para conhecer Paraty.,"pousada, Paraty"
/grupos-e-caravanas,body (p),LOCALIZAÇÃO E LOGÍSTICA,Uma base estratégica para conhecer Paraty.,sem correspondência com termo-alvo
/grupos-e-caravanas,H2,Uma base estratégica para conhecer Paraty.,Uma base estratégica para conhecer Paraty.,Paraty
/grupos-e-caravanas,body (p),"Para quem organiza uma viagem em grupo, a localização da hospedagem faz diferença na logística do roteiro.",Uma base estratégica para conhecer Paraty.,hospedagem
/grupos-e-caravanas,body (span),+,Uma base estratégica para conhecer Paraty.,sem correspondência com termo-alvo
/grupos-e-caravanas,body (span),Centro Histórico,Uma base estratégica para conhecer Paraty.,sem correspondência com termo-alvo
/grupos-e-caravanas,body (span),+,Uma base estratégica para conhecer Paraty.,sem correspondência com termo-alvo
/grupos-e-caravanas,body (span),passeios,Uma base estratégica para conhecer Paraty.,sem correspondência com termo-alvo
/grupos-e-caravanas,body (span),+,Uma base estratégica para conhecer Paraty.,sem correspondência com termo-alvo
/grupos-e-caravanas,body (span),praias,Uma base estratégica para conhecer Paraty.,sem correspondência com termo-alvo
/grupos-e-caravanas,body (span),+,Uma base estratégica para conhecer Paraty.,sem correspondência com termo-alvo
/grupos-e-caravanas,body (span),restaurantes,Uma base estratégica para conhecer Paraty.,sem correspondência com termo-alvo
/grupos-e-caravanas,body (span),+,Uma base estratégica para conhecer Paraty.,sem correspondência com termo-alvo
/grupos-e-caravanas,body (span),pontos turísticos,Uma base estratégica para conhecer Paraty.,sem correspondência com termo-alvo
/grupos-e-caravanas,title (atributo),Mapa da Pousada Aquino Mar,Uma base estratégica para conhecer Paraty.,pousada
/grupos-e-caravanas,body (p),"No Caboré, a pousada fica em uma rua residencial e tranquila, com acesso fácil ao Centro Histórico e aos principais passeios de Paraty.",Uma base estratégica para conhecer Paraty.,"pousada, Paraty"
/grupos-e-caravanas,body (div),01,Uma base estratégica para conhecer Paraty.,sem correspondência com termo-alvo
/grupos-e-caravanas,body (p),Endereço,Uma base estratégica para conhecer Paraty.,sem correspondência com termo-alvo
/grupos-e-caravanas,H3,"Rua Guapuruvu, 371",Uma base estratégica para conhecer Paraty.,sem correspondência com termo-alvo
/grupos-e-caravanas,body (p),"Caboré, Paraty - RJ, CEP 23970-000.",Uma base estratégica para conhecer Paraty.,Paraty
/grupos-e-caravanas,body (div),02,Uma base estratégica para conhecer Paraty.,sem correspondência com termo-alvo
/grupos-e-caravanas,body (p),Centro,Uma base estratégica para conhecer Paraty.,sem correspondência com termo-alvo
/grupos-e-caravanas,H3,12-20 min a pé,Uma base estratégica para conhecer Paraty.,sem correspondência com termo-alvo
/grupos-e-caravanas,body (p),"Caminho prático até o Centro Histórico, em ritmo tranquilo.",Uma base estratégica para conhecer Paraty.,sem correspondência com termo-alvo
/grupos-e-caravanas,body (div),03,Uma base estratégica para conhecer Paraty.,sem correspondência com termo-alvo
/grupos-e-caravanas,body (p),Bairro,Uma base estratégica para conhecer Paraty.,sem correspondência com termo-alvo
/grupos-e-caravanas,H3,Caboré residencial,Uma base estratégica para conhecer Paraty.,sem correspondência com termo-alvo
/grupos-e-caravanas,body (p),"Mais silêncio para descansar, sem perder acesso ao movimento de Paraty.",Uma base estratégica para conhecer Paraty.,Paraty
/grupos-e-caravanas,body (div),04,Uma base estratégica para conhecer Paraty.,sem correspondência com termo-alvo
/grupos-e-caravanas,body (p),Chegada,Uma base estratégica para conhecer Paraty.,sem correspondência com termo-alvo
/grupos-e-caravanas,H3,Estacione sem custo,Uma base estratégica para conhecer Paraty.,sem correspondência com termo-alvo
/grupos-e-caravanas,body (p),Estacionamento privativo gratuito para chegar de carro com tranquilidade.,Uma base estratégica para conhecer Paraty.,sem correspondência com termo-alvo
/grupos-e-caravanas,body (p),PARATY PARA GRUPOS,Paraty oferece roteiro para todos os tipos de grupo.,Paraty
/grupos-e-caravanas,H2,Paraty oferece roteiro para todos os tipos de grupo.,Paraty oferece roteiro para todos os tipos de grupo.,Paraty
/grupos-e-caravanas,body (p),A Aquino Mar pode funcionar como base para diferentes experiências ao longo da viagem.,Paraty oferece roteiro para todos os tipos de grupo.,sem correspondência com termo-alvo
/grupos-e-caravanas,alt,Rua de pedra com casarões coloniais no Centro Histórico de Paraty,Paraty oferece roteiro para todos os tipos de grupo.,Paraty
/grupos-e-caravanas,body (span),01,Paraty oferece roteiro para todos os tipos de grupo.,sem correspondência com termo-alvo
/grupos-e-caravanas,H3,Centro Histórico,Paraty oferece roteiro para todos os tipos de grupo.,sem correspondência com termo-alvo
/grupos-e-caravanas,body (p),"Roteiros culturais, gastronomia e caminhadas pelas ruas históricas.",Paraty oferece roteiro para todos os tipos de grupo.,sem correspondência com termo-alvo
/grupos-e-caravanas,alt,Passeio de barco em Paraty com mar e montanhas ao fundo,Paraty oferece roteiro para todos os tipos de grupo.,Paraty
/grupos-e-caravanas,body (span),02,Paraty oferece roteiro para todos os tipos de grupo.,sem correspondência com termo-alvo
/grupos-e-caravanas,H3,Passeios de barco,Paraty oferece roteiro para todos os tipos de grupo.,sem correspondência com termo-alvo
/grupos-e-caravanas,body (p),Experiências náuticas para complementar a viagem do grupo.,Paraty oferece roteiro para todos os tipos de grupo.,sem correspondência com termo-alvo
/grupos-e-caravanas,alt,Praia do Pontal em Paraty com barcos e montanhas ao fundo,Paraty oferece roteiro para todos os tipos de grupo.,Paraty
/grupos-e-caravanas,body (span),03,Paraty oferece roteiro para todos os tipos de grupo.,sem correspondência com termo-alvo
/grupos-e-caravanas,H3,Praias,Paraty oferece roteiro para todos os tipos de grupo.,sem correspondência com termo-alvo
/grupos-e-caravanas,body (p),Dias leves na orla e em cenários clássicos da região.,Paraty oferece roteiro para todos os tipos de grupo.,sem correspondência com termo-alvo
/grupos-e-caravanas,alt,Cachoeira do Tobogã cercada por mata e pedras em Paraty,Paraty oferece roteiro para todos os tipos de grupo.,Paraty
/grupos-e-caravanas,body (span),04,Paraty oferece roteiro para todos os tipos de grupo.,sem correspondência com termo-alvo
/grupos-e-caravanas,H3,Cachoeiras,Paraty oferece roteiro para todos os tipos de grupo.,sem correspondência com termo-alvo
/grupos-e-caravanas,body (p),Contato com natureza para grupos que buscam roteiros ao ar livre.,Paraty oferece roteiro para todos os tipos de grupo.,sem correspondência com termo-alvo
/grupos-e-caravanas,alt,Barcos coloridos na Praia do Cais em Paraty,Paraty oferece roteiro para todos os tipos de grupo.,Paraty
/grupos-e-caravanas,body (span),05,Paraty oferece roteiro para todos os tipos de grupo.,sem correspondência com termo-alvo
/grupos-e-caravanas,H3,Cultura local,Paraty oferece roteiro para todos os tipos de grupo.,sem correspondência com termo-alvo
/grupos-e-caravanas,body (p),"Uma base para viver Paraty com calma, história e paisagens.",Paraty oferece roteiro para todos os tipos de grupo.,Paraty
/grupos-e-caravanas,alt,Rua de pedra com casarões coloniais no Centro Histórico de Paraty,Paraty oferece roteiro para todos os tipos de grupo.,Paraty
/grupos-e-caravanas,body (span),01,Paraty oferece roteiro para todos os tipos de grupo.,sem correspondência com termo-alvo
/grupos-e-caravanas,H3,Centro Histórico,Paraty oferece roteiro para todos os tipos de grupo.,sem correspondência com termo-alvo
/grupos-e-caravanas,body (p),"Roteiros culturais, gastronomia e caminhadas pelas ruas históricas.",Paraty oferece roteiro para todos os tipos de grupo.,sem correspondência com termo-alvo
/grupos-e-caravanas,alt,Passeio de barco em Paraty com mar e montanhas ao fundo,Paraty oferece roteiro para todos os tipos de grupo.,Paraty
/grupos-e-caravanas,body (span),02,Paraty oferece roteiro para todos os tipos de grupo.,sem correspondência com termo-alvo
/grupos-e-caravanas,H3,Passeios de barco,Paraty oferece roteiro para todos os tipos de grupo.,sem correspondência com termo-alvo
/grupos-e-caravanas,body (p),Experiências náuticas para complementar a viagem do grupo.,Paraty oferece roteiro para todos os tipos de grupo.,sem correspondência com termo-alvo
/grupos-e-caravanas,alt,Praia do Pontal em Paraty com barcos e montanhas ao fundo,Paraty oferece roteiro para todos os tipos de grupo.,Paraty
/grupos-e-caravanas,body (span),03,Paraty oferece roteiro para todos os tipos de grupo.,sem correspondência com termo-alvo
/grupos-e-caravanas,H3,Praias,Paraty oferece roteiro para todos os tipos de grupo.,sem correspondência com termo-alvo
/grupos-e-caravanas,body (p),Dias leves na orla e em cenários clássicos da região.,Paraty oferece roteiro para todos os tipos de grupo.,sem correspondência com termo-alvo
/grupos-e-caravanas,alt,Cachoeira do Tobogã cercada por mata e pedras em Paraty,Paraty oferece roteiro para todos os tipos de grupo.,Paraty
/grupos-e-caravanas,body (span),04,Paraty oferece roteiro para todos os tipos de grupo.,sem correspondência com termo-alvo
/grupos-e-caravanas,H3,Cachoeiras,Paraty oferece roteiro para todos os tipos de grupo.,sem correspondência com termo-alvo
/grupos-e-caravanas,body (p),Contato com natureza para grupos que buscam roteiros ao ar livre.,Paraty oferece roteiro para todos os tipos de grupo.,sem correspondência com termo-alvo
/grupos-e-caravanas,alt,Barcos coloridos na Praia do Cais em Paraty,Paraty oferece roteiro para todos os tipos de grupo.,Paraty
/grupos-e-caravanas,body (span),05,Paraty oferece roteiro para todos os tipos de grupo.,sem correspondência com termo-alvo
/grupos-e-caravanas,H3,Cultura local,Paraty oferece roteiro para todos os tipos de grupo.,sem correspondência com termo-alvo
/grupos-e-caravanas,body (p),"Uma base para viver Paraty com calma, história e paisagens.",Paraty oferece roteiro para todos os tipos de grupo.,Paraty
/grupos-e-caravanas,body (p),PARCERIA COM ORGANIZADORES,Uma parceria para quem traz grupos a Paraty.,sem correspondência com termo-alvo
/grupos-e-caravanas,H2,Uma parceria para quem traz grupos a Paraty.,Uma parceria para quem traz grupos a Paraty.,Paraty
/grupos-e-caravanas,body (p),"Cada viagem tem uma configuração diferente. Por isso, nosso atendimento para grupos começa pela conversa direta com quem está organizando a experiência.",Uma parceria para quem traz grupos a Paraty.,sem correspondência com termo-alvo
/grupos-e-caravanas,body (span),01,Uma parceria para quem traz grupos a Paraty.,sem correspondência com termo-alvo
/grupos-e-caravanas,H3,Atendimento direto,Uma parceria para quem traz grupos a Paraty.,sem correspondência com termo-alvo
/grupos-e-caravanas,body (p),Centralize as informações da hospedagem com nossa equipe.,Uma parceria para quem traz grupos a Paraty.,hospedagem
/grupos-e-caravanas,body (span),02,Uma parceria para quem traz grupos a Paraty.,sem correspondência com termo-alvo
/grupos-e-caravanas,H3,Cotação personalizada,Uma parceria para quem traz grupos a Paraty.,sem correspondência com termo-alvo
/grupos-e-caravanas,body (p),Consulte disponibilidade e condições para o período do seu grupo.,Uma parceria para quem traz grupos a Paraty.,sem correspondência com termo-alvo
/grupos-e-caravanas,body (span),03,Uma parceria para quem traz grupos a Paraty.,sem correspondência com termo-alvo
/grupos-e-caravanas,H3,Organização antecipada,Uma parceria para quem traz grupos a Paraty.,sem correspondência com termo-alvo
/grupos-e-caravanas,body (p),Alinhe as acomodações antes da chegada.,Uma parceria para quem traz grupos a Paraty.,sem correspondência com termo-alvo
/grupos-e-caravanas,body (span),04,Uma parceria para quem traz grupos a Paraty.,sem correspondência com termo-alvo
/grupos-e-caravanas,H3,Relacionamento para novas viagens,Uma parceria para quem traz grupos a Paraty.,sem correspondência com termo-alvo
/grupos-e-caravanas,body (p),"Se Paraty faz parte dos seus roteiros, podemos continuar essa conversa em outras datas.",Uma parceria para quem traz grupos a Paraty.,Paraty
/grupos-e-caravanas,body (p),MOMENTOS REAIS,Uma pousada feita de momentos reais.,sem correspondência com termo-alvo
/grupos-e-caravanas,H2,Uma pousada feita de momentos reais.,Uma pousada feita de momentos reais.,pousada
/grupos-e-caravanas,body (p),"Imagens reais da pousada, dos hóspedes e dos espaços que compõem a experiência em Paraty.",Uma pousada feita de momentos reais.,"pousada, Paraty"
/grupos-e-caravanas,alt,Família hospedada vivendo momentos especiais na Pousada Aquino Mar,Uma pousada feita de momentos reais.,pousada
/grupos-e-caravanas,alt,Grupo reunido em uma viagem para Paraty,Uma pousada feita de momentos reais.,Paraty
/grupos-e-caravanas,alt,Hóspedes tomando café da manhã na Pousada Aquino Mar,Uma pousada feita de momentos reais.,pousada
/grupos-e-caravanas,alt,Piscina da Pousada Aquino Mar,Uma pousada feita de momentos reais.,pousada
/grupos-e-caravanas,alt,Família explorando a região de Paraty,Uma pousada feita de momentos reais.,Paraty
/grupos-e-caravanas,alt,Sorrisos de hóspedes na pousada,Uma pousada feita de momentos reais.,pousada
/grupos-e-caravanas,alt,Momentos especiais vividos por hóspedes da pousada,Uma pousada feita de momentos reais.,pousada
/grupos-e-caravanas,alt,Mais momentos de alegria de hóspedes em Paraty,Uma pousada feita de momentos reais.,Paraty
/grupos-e-caravanas,alt,Café da manhã da Pousada Aquino Mar preparado para hóspedes,Uma pousada feita de momentos reais.,pousada
/grupos-e-caravanas,alt,Área externa da Pousada Aquino Mar em Paraty,Uma pousada feita de momentos reais.,"pousada, Paraty"
/grupos-e-caravanas,body (p),PROVA SOCIAL,O que nossos hóspedes dizem.,sem correspondência com termo-alvo
/grupos-e-caravanas,H2,O que nossos hóspedes dizem.,O que nossos hóspedes dizem.,sem correspondência com termo-alvo
/grupos-e-caravanas,body (p),Experiências compartilhadas por quem já se hospedou na Aquino Mar.,O que nossos hóspedes dizem.,sem correspondência com termo-alvo
/grupos-e-caravanas,aria-label,5 estrelas,O que nossos hóspedes dizem.,sem correspondência com termo-alvo
/grupos-e-caravanas,body (p),"Pousada maravilhosa! Quartos grandes, tudo limpinho, café da manhã com tudo fresquinho. O atendimento da família que é proprietária foi show! Sempre prontos a ajudar.",O que nossos hóspedes dizem.,pousada
/grupos-e-caravanas,body (span),Roseli Ferreira,O que nossos hóspedes dizem.,sem correspondência com termo-alvo
/grupos-e-caravanas,body (span),Google,O que nossos hóspedes dizem.,sem correspondência com termo-alvo
/grupos-e-caravanas,aria-label,5 estrelas,O que nossos hóspedes dizem.,sem correspondência com termo-alvo
/grupos-e-caravanas,body (p),"Café da manhã da pousada excelente, com grande variedade de bolos, frios, frutas e sucos naturais. A limpeza dos quartos e das áreas comuns é impecável.",O que nossos hóspedes dizem.,pousada
/grupos-e-caravanas,body (span),Idalete Pacheco,O que nossos hóspedes dizem.,sem correspondência com termo-alvo
/grupos-e-caravanas,body (span),Google,O que nossos hóspedes dizem.,sem correspondência com termo-alvo
/grupos-e-caravanas,aria-label,5 estrelas,O que nossos hóspedes dizem.,sem correspondência com termo-alvo
/grupos-e-caravanas,body (p),"Quarto novo, impecável, cama grande, ar condicionado muito bom. Sem contar o café da manhã excelente e o serviço de atendimento muito bom.",O que nossos hóspedes dizem.,sem correspondência com termo-alvo
/grupos-e-caravanas,body (span),Danilo Romeu,O que nossos hóspedes dizem.,sem correspondência com termo-alvo
/grupos-e-caravanas,body (span),Google,O que nossos hóspedes dizem.,sem correspondência com termo-alvo
/grupos-e-caravanas,aria-label,5 estrelas,O que nossos hóspedes dizem.,sem correspondência com termo-alvo
/grupos-e-caravanas,body (p),"Profissionais super capacitados, atendimento de primeira classe. Gratidão ao senhor Tiago e sua família pelo acolhimento maravilhoso.",O que nossos hóspedes dizem.,sem correspondência com termo-alvo
/grupos-e-caravanas,body (span),José Orlando Albiero,O que nossos hóspedes dizem.,sem correspondência com termo-alvo
/grupos-e-caravanas,body (span),Google,O que nossos hóspedes dizem.,sem correspondência com termo-alvo
/grupos-e-caravanas,body (p),FAQ PARA GRUPOS,Tire suas dúvidas antes da cotação.,sem correspondência com termo-alvo
/grupos-e-caravanas,H2,Tire suas dúvidas antes da cotação.,Tire suas dúvidas antes da cotação.,sem correspondência com termo-alvo
/grupos-e-caravanas,body (p),"Respostas seguras para organizadores, agências e responsáveis por excursões.",Tire suas dúvidas antes da cotação.,sem correspondência com termo-alvo
/grupos-e-caravanas,H3,Precisa alinhar um caso específico?,Tire suas dúvidas antes da cotação.,sem correspondência com termo-alvo
/grupos-e-caravanas,body (p),Fale diretamente com a equipe da pousada e informe o perfil do seu grupo.,Tire suas dúvidas antes da cotação.,pousada
/grupos-e-caravanas,CTA (a),Falar sobre meu grupo,Tire suas dúvidas antes da cotação.,sem correspondência com termo-alvo
/grupos-e-caravanas,CTA (button),01Vocês recebem grupos e caravanas?,Tire suas dúvidas antes da cotação.,sem correspondência com termo-alvo
/grupos-e-caravanas,CTA (button),02Como solicito uma cotação para meu grupo?,Tire suas dúvidas antes da cotação.,sem correspondência com termo-alvo
/grupos-e-caravanas,CTA (button),03Como funciona a distribuição dos hóspedes?,Tire suas dúvidas antes da cotação.,sem correspondência com termo-alvo
/grupos-e-caravanas,CTA (button),04É possível reservar várias acomodações na mesma viagem?,Tire suas dúvidas antes da cotação.,sem correspondência com termo-alvo
/grupos-e-caravanas,CTA (button),05O café da manhã está incluído?,Tire suas dúvidas antes da cotação.,sem correspondência com termo-alvo
/grupos-e-caravanas,CTA (button),06Vocês atendem agências e empresas de turismo?,Tire suas dúvidas antes da cotação.,sem correspondência com termo-alvo
/grupos-e-caravanas,CTA (button),Ver mais perguntas (4),Tire suas dúvidas antes da cotação.,sem correspondência com termo-alvo
/grupos-e-caravanas,body (p),COTAÇÃO PARA GRUPOS,Está organizando uma viagem para Paraty?,sem correspondência com termo-alvo
/grupos-e-caravanas,H2,Está organizando uma viagem para Paraty?,Está organizando uma viagem para Paraty?,Paraty
/grupos-e-caravanas,body (p),Conte para a gente sobre seu grupo e consulte as possibilidades de hospedagem para a sua data.,Está organizando uma viagem para Paraty?,hospedagem
/grupos-e-caravanas,CTA (a),Solicitar cotação para meu grupo,Está organizando uma viagem para Paraty?,sem correspondência com termo-alvo
/grupos-e-caravanas,CTA (a),Falar pelo WhatsApp,Está organizando uma viagem para Paraty?,sem correspondência com termo-alvo
/grupos-e-caravanas,body (p),Atendimento direto com a Pousada Aquino Mar.,Está organizando uma viagem para Paraty?,pousada
/grupos-e-caravanas,alt,,contato,sem correspondência com termo-alvo
/grupos-e-caravanas,alt,,contato,sem correspondência com termo-alvo
/grupos-e-caravanas,alt,Pousada Aquino Mar,contato,pousada
/grupos-e-caravanas,body (p),"Acolhimento familiar em Caboré, Paraty, com localização tranquila, café da manhã e contato direto com a pousada.",contato,"pousada, Paraty"
/grupos-e-caravanas,CTA (a),Reservar no WhatsApp,contato,sem correspondência com termo-alvo
/grupos-e-caravanas,H3,Navegação,contato,sem correspondência com termo-alvo
/grupos-e-caravanas,CTA (a),Início,contato,sem correspondência com termo-alvo
/grupos-e-caravanas,CTA (a),Sobre nós,contato,sem correspondência com termo-alvo
/grupos-e-caravanas,CTA (a),Quartos,contato,sem correspondência com termo-alvo
/grupos-e-caravanas,CTA (a),Localização,contato,sem correspondência com termo-alvo
/grupos-e-caravanas,CTA (a),Depoimentos,contato,sem correspondência com termo-alvo
/grupos-e-caravanas,H3,Contato,contato,sem correspondência com termo-alvo
/grupos-e-caravanas,body (p),"R. Guapuruvu, 371 - Caborê, Paraty - RJ, 23970-000",contato,Paraty
/grupos-e-caravanas,CTA (a),(24) 99828-0363,contato,sem correspondência com termo-alvo
/grupos-e-caravanas,CTA (a),contato@pousadaaquinomar.com.br,contato,sem correspondência com termo-alvo
/grupos-e-caravanas,aria-label,Instagram da Pousada Aquino Mar,contato,pousada
/grupos-e-caravanas,aria-label,Facebook da Pousada Aquino Mar,contato,pousada
/grupos-e-caravanas,H3,Onde estamos,contato,sem correspondência com termo-alvo
/grupos-e-caravanas,title (atributo),"Localização Pousada Aquino Mar - Caboré, Paraty",contato,"pousada, Paraty"
/grupos-e-caravanas,body (p),© 2026 Pousada Aquino Mar. Todos os direitos reservados.,contato,pousada
/grupos-e-caravanas,body (span),Desenvolvido por,contato,sem correspondência com termo-alvo
/grupos-e-caravanas,CTA (a),Off-Data,contato,sem correspondência com termo-alvo
/grupos-e-caravanas,CTA (a),Política de Privacidade e Cookies,contato,sem correspondência com termo-alvo
/grupos-e-caravanas,CTA (button),Preferências de cookies,contato,sem correspondência com termo-alvo
/grupos-e-caravanas,body (p),"Sim. A Pousada Aquino Mar atende organizadores de grupos, excursões e caravanas. Consulte nossa equipe para verificar disponibilidade e condições para sua data.",FAQ item 1 / resposta ao expandir,pousada
/grupos-e-caravanas,body (p),"Fale diretamente pelo WhatsApp informando período, quantidade aproximada de viajantes e perfil do grupo. A equipe retorna com as possibilidades disponíveis.",FAQ item 2 / resposta ao expandir,sem correspondência com termo-alvo
/grupos-e-caravanas,body (p),"A distribuição é avaliada conforme composição do grupo, categorias de acomodação disponíveis e período da viagem. Nossa equipe orienta o responsável durante a cotação.",FAQ item 3 / resposta ao expandir,sem correspondência com termo-alvo
/grupos-e-caravanas,body (p),"Sim, mediante disponibilidade. Consulte nossa equipe para confirmar as condições para sua data.",FAQ item 4 / resposta ao expandir,sem correspondência com termo-alvo
/grupos-e-caravanas,body (p),"Sim. O café da manhã faz parte da experiência da pousada. Para grupos, consulte nossa equipe sobre horários e organização conforme o período da viagem.",FAQ item 5 / resposta ao expandir,pousada
/grupos-e-caravanas,body (p),"Sim. O atendimento é feito diretamente com o responsável pela viagem, agência, empresa de turismo ou organizador da caravana.",FAQ item 6 / resposta ao expandir,sem correspondência com termo-alvo
/grupos-e-caravanas,CTA (button),Como funciona o check-in de grupos?,FAQ item 7 / pergunta,sem correspondência com termo-alvo
/grupos-e-caravanas,body (p),O alinhamento é feito previamente com a equipe da pousada para orientar a chegada. Consulte nossa equipe para confirmar as condições para sua data.,FAQ item 7 / resposta ao expandir,pousada
/grupos-e-caravanas,CTA (button),Posso consultar disponibilidade para datas futuras?,FAQ item 8 / pergunta,sem correspondência com termo-alvo
/grupos-e-caravanas,body (p),Pode. Informe a data desejada e a composição aproximada do grupo para que a equipe verifique as possibilidades.,FAQ item 8 / resposta ao expandir,sem correspondência com termo-alvo
/grupos-e-caravanas,CTA (button),Como alinhar necessidades específicas da excursão?,FAQ item 9 / pergunta,sem correspondência com termo-alvo
/grupos-e-caravanas,body (p),Envie as necessidades pelo WhatsApp durante a cotação. A equipe confirma o que pode ser organizado para o período solicitado.,FAQ item 9 / resposta ao expandir,sem correspondência com termo-alvo
/grupos-e-caravanas,CTA (button),Como falar diretamente com a pousada?,FAQ item 10 / pergunta,pousada
/grupos-e-caravanas,body (p),Use o WhatsApp da Pousada Aquino Mar para conversar com a equipe e solicitar a cotação do grupo.,FAQ item 10 / resposta ao expandir,pousada
/grupos-e-caravanas,aria-label,Aviso de cookies,Cookies / estados condicionais,sem correspondência com termo-alvo
/grupos-e-caravanas,body (div),Cookies,Cookies / estados condicionais,sem correspondência com termo-alvo
/grupos-e-caravanas,body (p),"Utilizamos cookies para melhorar sua experiência, analisar o uso do site e, quando autorizado, personalizar conteúdos. Você pode aceitar todos, recusar os não essenciais ou ajustar suas preferências.",Cookies / estados condicionais,sem correspondência com termo-alvo
/grupos-e-caravanas,CTA (button),Aceitar todos,Cookies / estados condicionais,sem correspondência com termo-alvo
/grupos-e-caravanas,CTA (button),Recusar não essenciais,Cookies / estados condicionais,sem correspondência com termo-alvo
/grupos-e-caravanas,CTA (button),Configurar,Cookies / estados condicionais,sem correspondência com termo-alvo
/grupos-e-caravanas,body (p),Preferências,Cookies / estados condicionais,sem correspondência com termo-alvo
/grupos-e-caravanas,H2,Configurar cookies,Cookies / estados condicionais,sem correspondência com termo-alvo
/grupos-e-caravanas,aria-label,Fechar preferências de cookies,Cookies / estados condicionais,sem correspondência com termo-alvo
/grupos-e-caravanas,body (preferencia),Necessários,Cookies / estados condicionais,sem correspondência com termo-alvo
/grupos-e-caravanas,body (preferencia),"Essenciais para segurança, funcionamento do site e preferências básicas.",Cookies / estados condicionais,sem correspondência com termo-alvo
/grupos-e-caravanas,body (preferencia),Analytics,Cookies / estados condicionais,sem correspondência com termo-alvo
/grupos-e-caravanas,body (preferencia),Ajudam a entender visitas e melhorar o conteúdo quando autorizados.,Cookies / estados condicionais,sem correspondência com termo-alvo
/grupos-e-caravanas,body (preferencia),Marketing,Cookies / estados condicionais,sem correspondência com termo-alvo
/grupos-e-caravanas,body (preferencia),Podem personalizar conteúdos e campanhas quando autorizados.,Cookies / estados condicionais,sem correspondência com termo-alvo
/grupos-e-caravanas,CTA (button),Salvar preferências,Cookies / estados condicionais,sem correspondência com termo-alvo
/grupos-e-caravanas,aria-label,Oferta de 5% OFF na primeira reserva,Popup de desconto / estado condicional,sem correspondência com termo-alvo
/grupos-e-caravanas,alt,"Antes de sair, garanta 5% OFF na sua primeira reserva falando com a equipe da Pousada Aquino Mar pelo WhatsApp.",Popup de desconto / estado condicional,pousada
/grupos-e-caravanas,aria-label,Abrir WhatsApp para aproveitar 5% OFF na primeira reserva,Popup de desconto / estado condicional,sem correspondência com termo-alvo
/grupos-e-caravanas,body (span),Quero meu desconto pelo WhatsApp,Popup de desconto / estado condicional,sem correspondência com termo-alvo
/grupos-e-caravanas,aria-label,Fechar oferta,Popup de desconto / estado condicional,sem correspondência com termo-alvo
/quartos/suite-casal,title,"Suíte Casal em Paraty | Pousada Aquino Mar — Caborê, RJ",head,"pousada, Paraty"
/quartos/suite-casal,meta description,"Ambiente intimista e confortável, ideal para casais ou estadias individuais que prezam por espaço e privacidade. Contamos com 5 unidades idênticas nesta categor",head,sem correspondência com termo-alvo
/quartos/suite-casal,aria-label,Início - Pousada Aquino Mar,header 1,pousada
/quartos/suite-casal,alt,Pousada Aquino Mar,header 1,pousada
/quartos/suite-casal,aria-label,Navegação principal,header 1,sem correspondência com termo-alvo
/quartos/suite-casal,CTA (a),A Pousada,header 1,pousada
/quartos/suite-casal,CTA (a),Acomodações,header 1,sem correspondência com termo-alvo
/quartos/suite-casal,CTA (a),Grupos & Caravanas,header 1,sem correspondência com termo-alvo
/quartos/suite-casal,CTA (a),Localização,header 1,sem correspondência com termo-alvo
/quartos/suite-casal,CTA (a),Depoimentos,header 1,sem correspondência com termo-alvo
/quartos/suite-casal,CTA (a),Reservar Estadia,header 1,sem correspondência com termo-alvo
/quartos/suite-casal,aria-label,Abrir menu,header 1,sem correspondência com termo-alvo
/quartos/suite-casal,aria-label,Navegação mobile,header 1,sem correspondência com termo-alvo
/quartos/suite-casal,CTA (a),A Pousada,header 1,pousada
/quartos/suite-casal,CTA (a),Acomodações,header 1,sem correspondência com termo-alvo
/quartos/suite-casal,CTA (a),Grupos & Caravanas,header 1,sem correspondência com termo-alvo
/quartos/suite-casal,CTA (a),Localização,header 1,sem correspondência com termo-alvo
/quartos/suite-casal,CTA (a),Depoimentos,header 1,sem correspondência com termo-alvo
/quartos/suite-casal,CTA (a),Reservar Estadia,header 1,sem correspondência com termo-alvo
/quartos/suite-casal,CTA (a),Voltar para o inÃ­cio,section 2,sem correspondência com termo-alvo
/quartos/suite-casal,alt,Suíte Casal na Pousada Aquino Mar em Paraty - foto 1,section 2,"pousada, Paraty"
/quartos/suite-casal,aria-label,Imagem anterior,section 2,sem correspondência com termo-alvo
/quartos/suite-casal,aria-label,Proxima imagem,section 2,sem correspondência com termo-alvo
/quartos/suite-casal,body (span),01,section 2,sem correspondência com termo-alvo
/quartos/suite-casal,body (span),/,section 2,sem correspondência com termo-alvo
/quartos/suite-casal,body (span),04,section 2,sem correspondência com termo-alvo
/quartos/suite-casal,aria-label,Ver foto 1,section 2,sem correspondência com termo-alvo
/quartos/suite-casal,alt,Suíte Casal na Pousada Aquino Mar em Paraty - miniatura 1,section 2,"pousada, Paraty"
/quartos/suite-casal,aria-label,Ver foto 2,section 2,sem correspondência com termo-alvo
/quartos/suite-casal,alt,Suíte Casal na Pousada Aquino Mar em Paraty - miniatura 2,section 2,"pousada, Paraty"
/quartos/suite-casal,aria-label,Ver foto 3,section 2,sem correspondência com termo-alvo
/quartos/suite-casal,alt,Suíte Casal na Pousada Aquino Mar em Paraty - miniatura 3,section 2,"pousada, Paraty"
/quartos/suite-casal,aria-label,Ver foto 4,section 2,sem correspondência com termo-alvo
/quartos/suite-casal,alt,Suíte Casal na Pousada Aquino Mar em Paraty - miniatura 4,section 2,"pousada, Paraty"
/quartos/suite-casal,body (span),"Cabore, Paraty - RJ",Suíte Casal,Paraty
/quartos/suite-casal,body (span),Ate,Suíte Casal,sem correspondência com termo-alvo
/quartos/suite-casal,body (span),2,Suíte Casal,sem correspondência com termo-alvo
/quartos/suite-casal,body (span),hospedes,Suíte Casal,sem correspondência com termo-alvo
/quartos/suite-casal,body (span),5.0,Suíte Casal,sem correspondência com termo-alvo
/quartos/suite-casal,body (span),(,Suíte Casal,sem correspondência com termo-alvo
/quartos/suite-casal,body (span),411,Suíte Casal,sem correspondência com termo-alvo
/quartos/suite-casal,body (span),avaliacoes),Suíte Casal,sem correspondência com termo-alvo
/quartos/suite-casal,H1,Suíte Casal,Suíte Casal,sem correspondência com termo-alvo
/quartos/suite-casal,body (p),5 quarto - Cama King Size (2m x 2m) e poltrona - Wi-Fi gratis,Suíte Casal,sem correspondência com termo-alvo
/quartos/suite-casal,H2,Sobre o Quarto,Sobre o Quarto,sem correspondência com termo-alvo
/quartos/suite-casal,body (p),"Ambiente intimista e confortável, ideal para casais ou estadias individuais que prezam por espaço e privacidade. Contamos com 5 unidades idênticas nesta categoria, todas oferecendo um espaço amplo e acabamento padronizado.",Sobre o Quarto,sem correspondência com termo-alvo
/quartos/suite-casal,H2,O que esta incluido,O que esta incluido,sem correspondência com termo-alvo
/quartos/suite-casal,body (span),Café da manhã incluso,O que esta incluido,sem correspondência com termo-alvo
/quartos/suite-casal,body (span),Ar-condicionado Split,O que esta incluido,sem correspondência com termo-alvo
/quartos/suite-casal,body (span),Smart TV,O que esta incluido,sem correspondência com termo-alvo
/quartos/suite-casal,body (span),Frigobar,O que esta incluido,sem correspondência com termo-alvo
/quartos/suite-casal,body (span),Wi-Fi grátis,O que esta incluido,sem correspondência com termo-alvo
/quartos/suite-casal,body (span),Roupas de cama e toalhas,O que esta incluido,sem correspondência com termo-alvo
/quartos/suite-casal,body (span),Estacionamento grátis,O que esta incluido,sem correspondência com termo-alvo
/quartos/suite-casal,H2,O que NAO esta incluido,O que NAO esta incluido,sem correspondência com termo-alvo
/quartos/suite-casal,body (span),Almoço e jantar,O que NAO esta incluido,sem correspondência com termo-alvo
/quartos/suite-casal,body (span),Bebidas do frigobar (cobradas à parte),O que NAO esta incluido,sem correspondência com termo-alvo
/quartos/suite-casal,body (span),Passeios terceirizados,O que NAO esta incluido,sem correspondência com termo-alvo
/quartos/suite-casal,H2,Destaques,Destaques,sem correspondência com termo-alvo
/quartos/suite-casal,body (p),Acomoda 2 pessoas,Destaques,sem correspondência com termo-alvo
/quartos/suite-casal,body (p),Cama King Size (2m x 2m),Destaques,sem correspondência com termo-alvo
/quartos/suite-casal,body (p),Ambiente intimista,Destaques,sem correspondência com termo-alvo
/quartos/suite-casal,H2,Localizacao,Localizacao,sem correspondência com termo-alvo
/quartos/suite-casal,body (p),"Cabore, Paraty - RJ",Localizacao,Paraty
/quartos/suite-casal,body (p),Mapa interativo sera inserido aqui.,Localizacao,sem correspondência com termo-alvo
/quartos/suite-casal,H2,Voce tambem pode gostar,Voce tambem pode gostar,sem correspondência com termo-alvo
/quartos/suite-casal,alt,Suíte Múltipla na Pousada Aquino Mar em Paraty,Voce tambem pode gostar,"pousada, Paraty"
/quartos/suite-casal,H3,Suíte Múltipla,Voce tambem pode gostar,sem correspondência com termo-alvo
/quartos/suite-casal,body (p),Acomoda 4 - Cama King Size modular (p/ 3 ou 4 pax),Voce tambem pode gostar,sem correspondência com termo-alvo
/quartos/suite-casal,CTA (a),Ver Quarto,Voce tambem pode gostar,sem correspondência com termo-alvo
/quartos/suite-casal,body (p),reserva direta,Suíte Casal,sem correspondência com termo-alvo
/quartos/suite-casal,body (p),Consulte valores,Suíte Casal,sem correspondência com termo-alvo
/quartos/suite-casal,body (p),fale com a pousada para ver precos e disponibilidade,Suíte Casal,pousada
/quartos/suite-casal,body (span),"Cabore, Paraty - RJ",Suíte Casal,Paraty
/quartos/suite-casal,body (label),Check-in,Suíte Casal,sem correspondência com termo-alvo
/quartos/suite-casal,body (label),Check-out,Suíte Casal,sem correspondência com termo-alvo
/quartos/suite-casal,body (label),Numero de hospedesate 2 hospedes,Suíte Casal,sem correspondência com termo-alvo
/quartos/suite-casal,body (span),5,Suíte Casal,sem correspondência com termo-alvo
/quartos/suite-casal,body (span),quarto -,Suíte Casal,sem correspondência com termo-alvo
/quartos/suite-casal,body (span),Cama King Size (2m x 2m) e poltrona,Suíte Casal,sem correspondência com termo-alvo
/quartos/suite-casal,aria-label,5 de 5 estrelas,Suíte Casal,sem correspondência com termo-alvo
/quartos/suite-casal,body (span),Com a confianca de mais de,Suíte Casal,sem correspondência com termo-alvo
/quartos/suite-casal,body (span),411,Suíte Casal,sem correspondência com termo-alvo
/quartos/suite-casal,body (span),hospedes,Suíte Casal,sem correspondência com termo-alvo
/quartos/suite-casal,CTA (a),Reservar Agora,Suíte Casal,sem correspondência com termo-alvo
/quartos/suite-casal,aria-label,Aviso de cookies,Cookies / estados condicionais,sem correspondência com termo-alvo
/quartos/suite-casal,body (div),Cookies,Cookies / estados condicionais,sem correspondência com termo-alvo
/quartos/suite-casal,body (p),"Utilizamos cookies para melhorar sua experiência, analisar o uso do site e, quando autorizado, personalizar conteúdos. Você pode aceitar todos, recusar os não essenciais ou ajustar suas preferências.",Cookies / estados condicionais,sem correspondência com termo-alvo
/quartos/suite-casal,body (Link),Política de Privacidade e Cookies,Cookies / estados condicionais,sem correspondência com termo-alvo
/quartos/suite-casal,CTA (button),Aceitar todos,Cookies / estados condicionais,sem correspondência com termo-alvo
/quartos/suite-casal,CTA (button),Recusar não essenciais,Cookies / estados condicionais,sem correspondência com termo-alvo
/quartos/suite-casal,CTA (button),Configurar,Cookies / estados condicionais,sem correspondência com termo-alvo
/quartos/suite-casal,body (p),Preferências,Cookies / estados condicionais,sem correspondência com termo-alvo
/quartos/suite-casal,H2,Configurar cookies,Cookies / estados condicionais,sem correspondência com termo-alvo
/quartos/suite-casal,aria-label,Fechar preferências de cookies,Cookies / estados condicionais,sem correspondência com termo-alvo
/quartos/suite-casal,body (preferencia),Necessários,Cookies / estados condicionais,sem correspondência com termo-alvo
/quartos/suite-casal,body (preferencia),"Essenciais para segurança, funcionamento do site e preferências básicas.",Cookies / estados condicionais,sem correspondência com termo-alvo
/quartos/suite-casal,body (preferencia),Analytics,Cookies / estados condicionais,sem correspondência com termo-alvo
/quartos/suite-casal,body (preferencia),Ajudam a entender visitas e melhorar o conteúdo quando autorizados.,Cookies / estados condicionais,sem correspondência com termo-alvo
/quartos/suite-casal,body (preferencia),Marketing,Cookies / estados condicionais,sem correspondência com termo-alvo
/quartos/suite-casal,body (preferencia),Podem personalizar conteúdos e campanhas quando autorizados.,Cookies / estados condicionais,sem correspondência com termo-alvo
/quartos/suite-casal,CTA (button),Salvar preferências,Cookies / estados condicionais,sem correspondência com termo-alvo
/quartos/suite-casal,aria-label,Oferta de 5% OFF na primeira reserva,Popup de desconto / estado condicional,sem correspondência com termo-alvo
/quartos/suite-casal,alt,"Antes de sair, garanta 5% OFF na sua primeira reserva falando com a equipe da Pousada Aquino Mar pelo WhatsApp.",Popup de desconto / estado condicional,pousada
/quartos/suite-casal,aria-label,Abrir WhatsApp para aproveitar 5% OFF na primeira reserva,Popup de desconto / estado condicional,sem correspondência com termo-alvo
/quartos/suite-casal,body (span),Quero meu desconto pelo WhatsApp,Popup de desconto / estado condicional,sem correspondência com termo-alvo
/quartos/suite-casal,aria-label,Fechar oferta,Popup de desconto / estado condicional,sem correspondência com termo-alvo
/quartos/suite-multipla,title,"Suíte Múltipla em Paraty | Pousada Aquino Mar — Caborê, RJ",head,"pousada, Paraty"
/quartos/suite-multipla,meta description,"Alta versatilidade e flexibilidade de ocupação, ideal para famílias, pequenos grupos ou viagens corporativas. Temos 13 unidades modulares que acomodam confortav",head,sem correspondência com termo-alvo
/quartos/suite-multipla,aria-label,Início - Pousada Aquino Mar,header 1,pousada
/quartos/suite-multipla,alt,Pousada Aquino Mar,header 1,pousada
/quartos/suite-multipla,aria-label,Navegação principal,header 1,sem correspondência com termo-alvo
/quartos/suite-multipla,CTA (a),A Pousada,header 1,pousada
/quartos/suite-multipla,CTA (a),Acomodações,header 1,sem correspondência com termo-alvo
/quartos/suite-multipla,CTA (a),Grupos & Caravanas,header 1,sem correspondência com termo-alvo
/quartos/suite-multipla,CTA (a),Localização,header 1,sem correspondência com termo-alvo
/quartos/suite-multipla,CTA (a),Depoimentos,header 1,sem correspondência com termo-alvo
/quartos/suite-multipla,CTA (a),Reservar Estadia,header 1,sem correspondência com termo-alvo
/quartos/suite-multipla,aria-label,Abrir menu,header 1,sem correspondência com termo-alvo
/quartos/suite-multipla,aria-label,Navegação mobile,header 1,sem correspondência com termo-alvo
/quartos/suite-multipla,CTA (a),A Pousada,header 1,pousada
/quartos/suite-multipla,CTA (a),Acomodações,header 1,sem correspondência com termo-alvo
/quartos/suite-multipla,CTA (a),Grupos & Caravanas,header 1,sem correspondência com termo-alvo
/quartos/suite-multipla,CTA (a),Localização,header 1,sem correspondência com termo-alvo
/quartos/suite-multipla,CTA (a),Depoimentos,header 1,sem correspondência com termo-alvo
/quartos/suite-multipla,CTA (a),Reservar Estadia,header 1,sem correspondência com termo-alvo
/quartos/suite-multipla,CTA (a),Voltar para o inÃ­cio,section 2,sem correspondência com termo-alvo
/quartos/suite-multipla,alt,Suíte Múltipla na Pousada Aquino Mar em Paraty - foto 1,section 2,"pousada, Paraty"
/quartos/suite-multipla,aria-label,Imagem anterior,section 2,sem correspondência com termo-alvo
/quartos/suite-multipla,aria-label,Proxima imagem,section 2,sem correspondência com termo-alvo
/quartos/suite-multipla,body (span),01,section 2,sem correspondência com termo-alvo
/quartos/suite-multipla,body (span),/,section 2,sem correspondência com termo-alvo
/quartos/suite-multipla,body (span),05,section 2,sem correspondência com termo-alvo
/quartos/suite-multipla,aria-label,Ver foto 1,section 2,sem correspondência com termo-alvo
/quartos/suite-multipla,alt,Suíte Múltipla na Pousada Aquino Mar em Paraty - miniatura 1,section 2,"pousada, Paraty"
/quartos/suite-multipla,aria-label,Ver foto 2,section 2,sem correspondência com termo-alvo
/quartos/suite-multipla,alt,Suíte Múltipla na Pousada Aquino Mar em Paraty - miniatura 2,section 2,"pousada, Paraty"
/quartos/suite-multipla,aria-label,Ver foto 3,section 2,sem correspondência com termo-alvo
/quartos/suite-multipla,alt,Suíte Múltipla na Pousada Aquino Mar em Paraty - miniatura 3,section 2,"pousada, Paraty"
/quartos/suite-multipla,aria-label,Ver foto 4,section 2,sem correspondência com termo-alvo
/quartos/suite-multipla,alt,Suíte Múltipla na Pousada Aquino Mar em Paraty - miniatura 4,section 2,"pousada, Paraty"
/quartos/suite-multipla,aria-label,Ver foto 5,section 2,sem correspondência com termo-alvo
/quartos/suite-multipla,alt,Suíte Múltipla na Pousada Aquino Mar em Paraty - miniatura 5,section 2,"pousada, Paraty"
/quartos/suite-multipla,body (span),"Cabore, Paraty - RJ",Suíte Múltipla,Paraty
/quartos/suite-multipla,body (span),Ate,Suíte Múltipla,sem correspondência com termo-alvo
/quartos/suite-multipla,body (span),4,Suíte Múltipla,sem correspondência com termo-alvo
/quartos/suite-multipla,body (span),hospedes,Suíte Múltipla,sem correspondência com termo-alvo
/quartos/suite-multipla,body (span),5.0,Suíte Múltipla,sem correspondência com termo-alvo
/quartos/suite-multipla,body (span),(,Suíte Múltipla,sem correspondência com termo-alvo
/quartos/suite-multipla,body (span),411,Suíte Múltipla,sem correspondência com termo-alvo
/quartos/suite-multipla,body (span),avaliacoes),Suíte Múltipla,sem correspondência com termo-alvo
/quartos/suite-multipla,H1,Suíte Múltipla,Suíte Múltipla,sem correspondência com termo-alvo
/quartos/suite-multipla,body (p),13 quarto - Cama King Size modular (p/ 3 ou 4 pax) - Wi-Fi gratis,Suíte Múltipla,sem correspondência com termo-alvo
/quartos/suite-multipla,H2,Sobre o Quarto,Sobre o Quarto,sem correspondência com termo-alvo
/quartos/suite-multipla,body (p),"Alta versatilidade e flexibilidade de ocupação, ideal para famílias, pequenos grupos ou viagens corporativas. Temos 13 unidades modulares que acomodam confortavelmente 3 ou 4 pessoas em um espaço amplo e bem equipado.",Sobre o Quarto,sem correspondência com termo-alvo
/quartos/suite-multipla,H2,O que esta incluido,O que esta incluido,sem correspondência com termo-alvo
/quartos/suite-multipla,body (span),Café da manhã incluso,O que esta incluido,sem correspondência com termo-alvo
/quartos/suite-multipla,body (span),Ar-condicionado Split,O que esta incluido,sem correspondência com termo-alvo
/quartos/suite-multipla,body (span),Smart TV,O que esta incluido,sem correspondência com termo-alvo
/quartos/suite-multipla,body (span),Frigobar,O que esta incluido,sem correspondência com termo-alvo
/quartos/suite-multipla,body (span),Wi-Fi grátis,O que esta incluido,sem correspondência com termo-alvo
/quartos/suite-multipla,body (span),Roupas de cama e toalhas,O que esta incluido,sem correspondência com termo-alvo
/quartos/suite-multipla,body (span),Estacionamento grátis,O que esta incluido,sem correspondência com termo-alvo
/quartos/suite-multipla,H2,O que NAO esta incluido,O que NAO esta incluido,sem correspondência com termo-alvo
/quartos/suite-multipla,body (span),Almoço e jantar,O que NAO esta incluido,sem correspondência com termo-alvo
/quartos/suite-multipla,body (span),Bebidas do frigobar (cobradas à parte),O que NAO esta incluido,sem correspondência com termo-alvo
/quartos/suite-multipla,body (span),Passeios terceirizados,O que NAO esta incluido,sem correspondência com termo-alvo
/quartos/suite-multipla,H2,Destaques,Destaques,sem correspondência com termo-alvo
/quartos/suite-multipla,body (p),Acomoda 3 a 4 pessoas,Destaques,sem correspondência com termo-alvo
/quartos/suite-multipla,body (p),Versatilidade para famílias,Destaques,sem correspondência com termo-alvo
/quartos/suite-multipla,body (p),Estrutura modular,Destaques,sem correspondência com termo-alvo
/quartos/suite-multipla,H2,Localizacao,Localizacao,sem correspondência com termo-alvo
/quartos/suite-multipla,body (p),"Cabore, Paraty - RJ",Localizacao,Paraty
/quartos/suite-multipla,body (p),Mapa interativo sera inserido aqui.,Localizacao,sem correspondência com termo-alvo
/quartos/suite-multipla,H2,Voce tambem pode gostar,Voce tambem pode gostar,sem correspondência com termo-alvo
/quartos/suite-multipla,alt,Suíte Casal na Pousada Aquino Mar em Paraty,Voce tambem pode gostar,"pousada, Paraty"
/quartos/suite-multipla,H3,Suíte Casal,Voce tambem pode gostar,sem correspondência com termo-alvo
/quartos/suite-multipla,body (p),Acomoda 2 - Cama King Size (2m x 2m) e poltrona,Voce tambem pode gostar,sem correspondência com termo-alvo
/quartos/suite-multipla,CTA (a),Ver Quarto,Voce tambem pode gostar,sem correspondência com termo-alvo
/quartos/suite-multipla,body (p),reserva direta,Suíte Múltipla,sem correspondência com termo-alvo
/quartos/suite-multipla,body (p),Consulte valores,Suíte Múltipla,sem correspondência com termo-alvo
/quartos/suite-multipla,body (p),fale com a pousada para ver precos e disponibilidade,Suíte Múltipla,pousada
/quartos/suite-multipla,body (span),"Cabore, Paraty - RJ",Suíte Múltipla,Paraty
/quartos/suite-multipla,body (label),Check-in,Suíte Múltipla,sem correspondência com termo-alvo
/quartos/suite-multipla,body (label),Check-out,Suíte Múltipla,sem correspondência com termo-alvo
/quartos/suite-multipla,body (label),Numero de hospedesate 4 hospedes,Suíte Múltipla,sem correspondência com termo-alvo
/quartos/suite-multipla,body (span),13,Suíte Múltipla,sem correspondência com termo-alvo
/quartos/suite-multipla,body (span),quarto -,Suíte Múltipla,sem correspondência com termo-alvo
/quartos/suite-multipla,body (span),Cama King Size modular (p/ 3 ou 4 pax),Suíte Múltipla,sem correspondência com termo-alvo
/quartos/suite-multipla,aria-label,5 de 5 estrelas,Suíte Múltipla,sem correspondência com termo-alvo
/quartos/suite-multipla,body (span),Com a confianca de mais de,Suíte Múltipla,sem correspondência com termo-alvo
/quartos/suite-multipla,body (span),411,Suíte Múltipla,sem correspondência com termo-alvo
/quartos/suite-multipla,body (span),hospedes,Suíte Múltipla,sem correspondência com termo-alvo
/quartos/suite-multipla,CTA (a),Reservar Agora,Suíte Múltipla,sem correspondência com termo-alvo
/quartos/suite-multipla,aria-label,Aviso de cookies,Cookies / estados condicionais,sem correspondência com termo-alvo
/quartos/suite-multipla,body (div),Cookies,Cookies / estados condicionais,sem correspondência com termo-alvo
/quartos/suite-multipla,body (p),"Utilizamos cookies para melhorar sua experiência, analisar o uso do site e, quando autorizado, personalizar conteúdos. Você pode aceitar todos, recusar os não essenciais ou ajustar suas preferências.",Cookies / estados condicionais,sem correspondência com termo-alvo
/quartos/suite-multipla,body (Link),Política de Privacidade e Cookies,Cookies / estados condicionais,sem correspondência com termo-alvo
/quartos/suite-multipla,CTA (button),Aceitar todos,Cookies / estados condicionais,sem correspondência com termo-alvo
/quartos/suite-multipla,CTA (button),Recusar não essenciais,Cookies / estados condicionais,sem correspondência com termo-alvo
/quartos/suite-multipla,CTA (button),Configurar,Cookies / estados condicionais,sem correspondência com termo-alvo
/quartos/suite-multipla,body (p),Preferências,Cookies / estados condicionais,sem correspondência com termo-alvo
/quartos/suite-multipla,H2,Configurar cookies,Cookies / estados condicionais,sem correspondência com termo-alvo
/quartos/suite-multipla,aria-label,Fechar preferências de cookies,Cookies / estados condicionais,sem correspondência com termo-alvo
/quartos/suite-multipla,body (preferencia),Necessários,Cookies / estados condicionais,sem correspondência com termo-alvo
/quartos/suite-multipla,body (preferencia),"Essenciais para segurança, funcionamento do site e preferências básicas.",Cookies / estados condicionais,sem correspondência com termo-alvo
/quartos/suite-multipla,body (preferencia),Analytics,Cookies / estados condicionais,sem correspondência com termo-alvo
/quartos/suite-multipla,body (preferencia),Ajudam a entender visitas e melhorar o conteúdo quando autorizados.,Cookies / estados condicionais,sem correspondência com termo-alvo
/quartos/suite-multipla,body (preferencia),Marketing,Cookies / estados condicionais,sem correspondência com termo-alvo
/quartos/suite-multipla,body (preferencia),Podem personalizar conteúdos e campanhas quando autorizados.,Cookies / estados condicionais,sem correspondência com termo-alvo
/quartos/suite-multipla,CTA (button),Salvar preferências,Cookies / estados condicionais,sem correspondência com termo-alvo
/quartos/suite-multipla,aria-label,Oferta de 5% OFF na primeira reserva,Popup de desconto / estado condicional,sem correspondência com termo-alvo
/quartos/suite-multipla,alt,"Antes de sair, garanta 5% OFF na sua primeira reserva falando com a equipe da Pousada Aquino Mar pelo WhatsApp.",Popup de desconto / estado condicional,pousada
/quartos/suite-multipla,aria-label,Abrir WhatsApp para aproveitar 5% OFF na primeira reserva,Popup de desconto / estado condicional,sem correspondência com termo-alvo
/quartos/suite-multipla,body (span),Quero meu desconto pelo WhatsApp,Popup de desconto / estado condicional,sem correspondência com termo-alvo
/quartos/suite-multipla,aria-label,Fechar oferta,Popup de desconto / estado condicional,sem correspondência com termo-alvo
/politica-de-privacidade-e-cookies,title,"Pousada em Paraty com Café da Manhã | Aquino Mar — Caborê, RJ",head,"pousada, Paraty"
/politica-de-privacidade-e-cookies,meta description,"Pousada familiar em Caborê, a poucos minutos do Centro Histórico de Paraty. Café da manhã incluso, piscina, Wi-Fi, ar-condicionado e estacionamento gratuito. Reserve pelo WhatsApp!",head,"pousada, Paraty"
/politica-de-privacidade-e-cookies,aria-label,Início - Pousada Aquino Mar,header 1,pousada
/politica-de-privacidade-e-cookies,alt,Pousada Aquino Mar,header 1,pousada
/politica-de-privacidade-e-cookies,aria-label,Navegação principal,header 1,sem correspondência com termo-alvo
/politica-de-privacidade-e-cookies,CTA (a),A Pousada,header 1,pousada
/politica-de-privacidade-e-cookies,CTA (a),Acomodações,header 1,sem correspondência com termo-alvo
/politica-de-privacidade-e-cookies,CTA (a),Grupos & Caravanas,header 1,sem correspondência com termo-alvo
/politica-de-privacidade-e-cookies,CTA (a),Localização,header 1,sem correspondência com termo-alvo
/politica-de-privacidade-e-cookies,CTA (a),Depoimentos,header 1,sem correspondência com termo-alvo
/politica-de-privacidade-e-cookies,CTA (a),Reservar Estadia,header 1,sem correspondência com termo-alvo
/politica-de-privacidade-e-cookies,aria-label,Abrir menu,header 1,sem correspondência com termo-alvo
/politica-de-privacidade-e-cookies,aria-label,Navegação mobile,header 1,sem correspondência com termo-alvo
/politica-de-privacidade-e-cookies,CTA (a),A Pousada,header 1,pousada
/politica-de-privacidade-e-cookies,CTA (a),Acomodações,header 1,sem correspondência com termo-alvo
/politica-de-privacidade-e-cookies,CTA (a),Grupos & Caravanas,header 1,sem correspondência com termo-alvo
/politica-de-privacidade-e-cookies,CTA (a),Localização,header 1,sem correspondência com termo-alvo
/politica-de-privacidade-e-cookies,CTA (a),Depoimentos,header 1,sem correspondência com termo-alvo
/politica-de-privacidade-e-cookies,CTA (a),Reservar Estadia,header 1,sem correspondência com termo-alvo
/politica-de-privacidade-e-cookies,body (p),Privacidade,Política de Privacidade e Cookies,sem correspondência com termo-alvo
/politica-de-privacidade-e-cookies,H1,Política de Privacidade e Cookies,Política de Privacidade e Cookies,sem correspondência com termo-alvo
/politica-de-privacidade-e-cookies,body (p),"Esta política explica, de forma simples, como a Pousada Aquino Mar pode tratar dados pessoais e utilizar cookies em seu site.",Política de Privacidade e Cookies,pousada
/politica-de-privacidade-e-cookies,H2,Dados que você fornece,Dados que você fornece,sem correspondência com termo-alvo
/politica-de-privacidade-e-cookies,body (p),"Ao entrar em contato por WhatsApp, telefone, e-mail ou formulário externo, você pode compartilhar dados como nome, telefone, datas de estadia, quantidade de hóspedes e informações necessárias para atendimento da sua solicitação.",Dados que você fornece,sem correspondência com termo-alvo
/politica-de-privacidade-e-cookies,H2,Como usamos esses dados,Como usamos esses dados,sem correspondência com termo-alvo
/politica-de-privacidade-e-cookies,body (p),"Usamos as informações para responder pedidos de reserva, tirar dúvidas, organizar atendimento e melhorar a experiência de hospedagem. Não vendemos dados pessoais.",Como usamos esses dados,hospedagem
/politica-de-privacidade-e-cookies,H2,Cookies necessários,Cookies necessários,sem correspondência com termo-alvo
/politica-de-privacidade-e-cookies,body (p),"Cookies necessários e armazenamentos locais essenciais podem ser usados para manter o funcionamento do site, preservar preferências e garantir recursos básicos de navegação. Eles permanecem sempre ativos.",Cookies necessários,sem correspondência com termo-alvo
/politica-de-privacidade-e-cookies,H2,Analytics e marketing,Analytics e marketing,sem correspondência com termo-alvo
/politica-de-privacidade-e-cookies,body (p),"No momento, o site não carrega Google Analytics, Google Tag Manager, Meta Pixel, Hotjar ou ferramentas semelhantes de rastreamento. A estrutura de consentimento está preparada para bloquear esses recursos antes da autorização, caso sejam adicionados futuramente.",Analytics e marketing,sem correspondência com termo-alvo
/politica-de-privacidade-e-cookies,H2,Serviços de terceiros,Serviços de terceiros,sem correspondência com termo-alvo
/politica-de-privacidade-e-cookies,body (p),"O site pode incorporar recursos externos, como mapas, vídeos hospedados e links para WhatsApp. Esses serviços podem aplicar suas próprias políticas de privacidade quando acessados ou carregados.",Serviços de terceiros,sem correspondência com termo-alvo
/politica-de-privacidade-e-cookies,H2,Gerenciar preferências,Gerenciar preferências,sem correspondência com termo-alvo
/politica-de-privacidade-e-cookies,body (p),"Você pode alterar suas preferências pelo link ""Preferências de cookies"" no rodapé do site. A escolha é salva localmente no navegador e pode ser redefinida ao limpar os dados do site.",Gerenciar preferências,sem correspondência com termo-alvo
/politica-de-privacidade-e-cookies,H2,Contato,Contato,sem correspondência com termo-alvo
/politica-de-privacidade-e-cookies,body (p),"Para dúvidas sobre privacidade e cookies, fale com a Pousada Aquino Mar pelos canais de contato informados no site.",Contato,pousada
/politica-de-privacidade-e-cookies,alt,,contato,sem correspondência com termo-alvo
/politica-de-privacidade-e-cookies,alt,,contato,sem correspondência com termo-alvo
/politica-de-privacidade-e-cookies,alt,Pousada Aquino Mar,contato,pousada
/politica-de-privacidade-e-cookies,body (p),"Acolhimento familiar em Caboré, Paraty, com localização tranquila, café da manhã e contato direto com a pousada.",contato,"pousada, Paraty"
/politica-de-privacidade-e-cookies,CTA (a),Reservar no WhatsApp,contato,sem correspondência com termo-alvo
/politica-de-privacidade-e-cookies,H3,Navegação,contato,sem correspondência com termo-alvo
/politica-de-privacidade-e-cookies,CTA (a),Início,contato,sem correspondência com termo-alvo
/politica-de-privacidade-e-cookies,CTA (a),Sobre nós,contato,sem correspondência com termo-alvo
/politica-de-privacidade-e-cookies,CTA (a),Quartos,contato,sem correspondência com termo-alvo
/politica-de-privacidade-e-cookies,CTA (a),Localização,contato,sem correspondência com termo-alvo
/politica-de-privacidade-e-cookies,CTA (a),Depoimentos,contato,sem correspondência com termo-alvo
/politica-de-privacidade-e-cookies,H3,Contato,contato,sem correspondência com termo-alvo
/politica-de-privacidade-e-cookies,body (p),"R. Guapuruvu, 371 - Caborê, Paraty - RJ, 23970-000",contato,Paraty
/politica-de-privacidade-e-cookies,CTA (a),(24) 99828-0363,contato,sem correspondência com termo-alvo
/politica-de-privacidade-e-cookies,CTA (a),contato@pousadaaquinomar.com.br,contato,sem correspondência com termo-alvo
/politica-de-privacidade-e-cookies,aria-label,Instagram da Pousada Aquino Mar,contato,pousada
/politica-de-privacidade-e-cookies,aria-label,Facebook da Pousada Aquino Mar,contato,pousada
/politica-de-privacidade-e-cookies,H3,Onde estamos,contato,sem correspondência com termo-alvo
/politica-de-privacidade-e-cookies,title (atributo),"Localização Pousada Aquino Mar - Caboré, Paraty",contato,"pousada, Paraty"
/politica-de-privacidade-e-cookies,body (p),© 2026 Pousada Aquino Mar. Todos os direitos reservados.,contato,pousada
/politica-de-privacidade-e-cookies,body (span),Desenvolvido por,contato,sem correspondência com termo-alvo
/politica-de-privacidade-e-cookies,CTA (a),Off-Data,contato,sem correspondência com termo-alvo
/politica-de-privacidade-e-cookies,CTA (a),Política de Privacidade e Cookies,contato,sem correspondência com termo-alvo
/politica-de-privacidade-e-cookies,CTA (button),Preferências de cookies,contato,sem correspondência com termo-alvo
/politica-de-privacidade-e-cookies,aria-label,Aviso de cookies,Cookies / estados condicionais,sem correspondência com termo-alvo
/politica-de-privacidade-e-cookies,body (div),Cookies,Cookies / estados condicionais,sem correspondência com termo-alvo
/politica-de-privacidade-e-cookies,body (p),"Utilizamos cookies para melhorar sua experiência, analisar o uso do site e, quando autorizado, personalizar conteúdos. Você pode aceitar todos, recusar os não essenciais ou ajustar suas preferências.",Cookies / estados condicionais,sem correspondência com termo-alvo
/politica-de-privacidade-e-cookies,CTA (button),Aceitar todos,Cookies / estados condicionais,sem correspondência com termo-alvo
/politica-de-privacidade-e-cookies,CTA (button),Recusar não essenciais,Cookies / estados condicionais,sem correspondência com termo-alvo
/politica-de-privacidade-e-cookies,CTA (button),Configurar,Cookies / estados condicionais,sem correspondência com termo-alvo
/politica-de-privacidade-e-cookies,body (p),Preferências,Cookies / estados condicionais,sem correspondência com termo-alvo
/politica-de-privacidade-e-cookies,H2,Configurar cookies,Cookies / estados condicionais,sem correspondência com termo-alvo
/politica-de-privacidade-e-cookies,aria-label,Fechar preferências de cookies,Cookies / estados condicionais,sem correspondência com termo-alvo
/politica-de-privacidade-e-cookies,body (preferencia),Necessários,Cookies / estados condicionais,sem correspondência com termo-alvo
/politica-de-privacidade-e-cookies,body (preferencia),"Essenciais para segurança, funcionamento do site e preferências básicas.",Cookies / estados condicionais,sem correspondência com termo-alvo
/politica-de-privacidade-e-cookies,body (preferencia),Analytics,Cookies / estados condicionais,sem correspondência com termo-alvo
/politica-de-privacidade-e-cookies,body (preferencia),Ajudam a entender visitas e melhorar o conteúdo quando autorizados.,Cookies / estados condicionais,sem correspondência com termo-alvo
/politica-de-privacidade-e-cookies,body (preferencia),Marketing,Cookies / estados condicionais,sem correspondência com termo-alvo
/politica-de-privacidade-e-cookies,body (preferencia),Podem personalizar conteúdos e campanhas quando autorizados.,Cookies / estados condicionais,sem correspondência com termo-alvo
/politica-de-privacidade-e-cookies,CTA (button),Salvar preferências,Cookies / estados condicionais,sem correspondência com termo-alvo
/politica-de-privacidade-e-cookies,aria-label,Oferta de 5% OFF na primeira reserva,Popup de desconto / estado condicional,sem correspondência com termo-alvo
/politica-de-privacidade-e-cookies,alt,"Antes de sair, garanta 5% OFF na sua primeira reserva falando com a equipe da Pousada Aquino Mar pelo WhatsApp.",Popup de desconto / estado condicional,pousada
/politica-de-privacidade-e-cookies,aria-label,Abrir WhatsApp para aproveitar 5% OFF na primeira reserva,Popup de desconto / estado condicional,sem correspondência com termo-alvo
/politica-de-privacidade-e-cookies,body (span),Quero meu desconto pelo WhatsApp,Popup de desconto / estado condicional,sem correspondência com termo-alvo
/politica-de-privacidade-e-cookies,aria-label,Fechar oferta,Popup de desconto / estado condicional,sem correspondência com termo-alvo
/404,title,"Pousada em Paraty com Café da Manhã | Aquino Mar — Caborê, RJ",head,"pousada, Paraty"
/404,meta description,"Pousada familiar em Caborê, a poucos minutos do Centro Histórico de Paraty. Café da manhã incluso, piscina, Wi-Fi, ar-condicionado e estacionamento gratuito. Reserve pelo WhatsApp!",head,"pousada, Paraty"
/404,title,404: This page could not be found.,head,sem correspondência com termo-alvo
/404,aria-label,Início - Pousada Aquino Mar,header 1,pousada
/404,alt,Pousada Aquino Mar,header 1,pousada
/404,aria-label,Navegação principal,header 1,sem correspondência com termo-alvo
/404,CTA (a),A Pousada,header 1,pousada
/404,CTA (a),Acomodações,header 1,sem correspondência com termo-alvo
/404,CTA (a),Grupos & Caravanas,header 1,sem correspondência com termo-alvo
/404,CTA (a),Localização,header 1,sem correspondência com termo-alvo
/404,CTA (a),Depoimentos,header 1,sem correspondência com termo-alvo
/404,CTA (a),Reservar Estadia,header 1,sem correspondência com termo-alvo
/404,aria-label,Abrir menu,header 1,sem correspondência com termo-alvo
/404,aria-label,Navegação mobile,header 1,sem correspondência com termo-alvo
/404,CTA (a),A Pousada,header 1,pousada
/404,CTA (a),Acomodações,header 1,sem correspondência com termo-alvo
/404,CTA (a),Grupos & Caravanas,header 1,sem correspondência com termo-alvo
/404,CTA (a),Localização,header 1,sem correspondência com termo-alvo
/404,CTA (a),Depoimentos,header 1,sem correspondência com termo-alvo
/404,CTA (a),Reservar Estadia,header 1,sem correspondência com termo-alvo
/404,H1,404,conteudo principal,sem correspondência com termo-alvo
/404,H2,This page could not be found.,conteudo principal,sem correspondência com termo-alvo
/,body (p),Ficou com alguma dúvida? Fale com a Pousada Aquino Mar pelo WhatsApp.,WhatsApp flutuante / mensagem temporizada,pousada
/,body (span),Praias,destaques / Praia de São Gonçalo / card expandido,sem correspondência com termo-alvo
/,body (span),Serviço Aquinomar,destaques / Passeio de Escuna / card expandido,sem correspondência com termo-alvo
/,body (p),Praias de Paraty · Serviço Aquinomar,destaques / Passeio de Escuna / card expandido,Paraty
/,body (p),Roteiro de aventura · Serviço Aquinomar,destaques / Passeio de Jeep / card expandido,sem correspondência com termo-alvo
/,body (span),Ilhas,destaques / Ilha do Pelado / card expandido,sem correspondência com termo-alvo
/,body (p),Travessia curta · Mar cristalino,destaques / Ilha do Pelado / card expandido,sem correspondência com termo-alvo
/,body (p),Vila caiçara · Natureza preservada,destaques / Praia da Trindade / card expandido,sem correspondência com termo-alvo
/,alt,Suíte Casal - foto 2,quartos / Suíte Casal / slide 2,sem correspondência com termo-alvo
/,alt,Suíte Casal - foto 3,quartos / Suíte Casal / slide 3,sem correspondência com termo-alvo
/,alt,Suíte Casal - foto 4,quartos / Suíte Casal / slide 4,sem correspondência com termo-alvo
/,alt,Suíte Múltipla - foto 2,quartos / Suíte Múltipla / slide 2,sem correspondência com termo-alvo
/,alt,Suíte Múltipla - foto 3,quartos / Suíte Múltipla / slide 3,sem correspondência com termo-alvo
/,alt,Suíte Múltipla - foto 4,quartos / Suíte Múltipla / slide 4,sem correspondência com termo-alvo
/,alt,Suíte Múltipla - foto 5,quartos / Suíte Múltipla / slide 5,sem correspondência com termo-alvo
/,aria-label,Fechar mensagem,Controles compartilhados / estados interativos,sem correspondência com termo-alvo
/,aria-label,Fale conosco pelo WhatsApp,Controles compartilhados / estados interativos,sem correspondência com termo-alvo
/,aria-label,Fechar menu,Controles compartilhados / estados interativos,sem correspondência com termo-alvo
/grupos-e-caravanas,body (p),Ficou com alguma dúvida? Fale com a Pousada Aquino Mar pelo WhatsApp.,WhatsApp flutuante / mensagem temporizada,pousada
/grupos-e-caravanas,aria-label,Fechar mensagem,Controles compartilhados / estados interativos,sem correspondência com termo-alvo
/grupos-e-caravanas,aria-label,Fale conosco pelo WhatsApp,Controles compartilhados / estados interativos,sem correspondência com termo-alvo
/grupos-e-caravanas,aria-label,Fechar menu,Controles compartilhados / estados interativos,sem correspondência com termo-alvo
/grupos-e-caravanas,CTA (button),Ver menos perguntas,FAQ / expandido,sem correspondência com termo-alvo
/quartos/suite-casal,body (p),Ficou com alguma dúvida? Fale com a Pousada Aquino Mar pelo WhatsApp.,WhatsApp flutuante / mensagem temporizada,pousada
/quartos/suite-casal,alt,Suíte Casal na Pousada Aquino Mar em Paraty - foto 2,Galeria / slide 2,"pousada, Paraty"
/quartos/suite-casal,alt,Suíte Casal na Pousada Aquino Mar em Paraty - foto 3,Galeria / slide 3,"pousada, Paraty"
/quartos/suite-casal,alt,Suíte Casal na Pousada Aquino Mar em Paraty - foto 4,Galeria / slide 4,"pousada, Paraty"
/quartos/suite-casal,aria-label,Fechar mensagem,Controles compartilhados / estados interativos,sem correspondência com termo-alvo
/quartos/suite-casal,aria-label,Fale conosco pelo WhatsApp,Controles compartilhados / estados interativos,sem correspondência com termo-alvo
/quartos/suite-casal,aria-label,Fechar menu,Controles compartilhados / estados interativos,sem correspondência com termo-alvo
/quartos/suite-multipla,body (p),Ficou com alguma dúvida? Fale com a Pousada Aquino Mar pelo WhatsApp.,WhatsApp flutuante / mensagem temporizada,pousada
/quartos/suite-multipla,alt,Suíte Múltipla na Pousada Aquino Mar em Paraty - foto 2,Galeria / slide 2,"pousada, Paraty"
/quartos/suite-multipla,alt,Suíte Múltipla na Pousada Aquino Mar em Paraty - foto 3,Galeria / slide 3,"pousada, Paraty"
/quartos/suite-multipla,alt,Suíte Múltipla na Pousada Aquino Mar em Paraty - foto 4,Galeria / slide 4,"pousada, Paraty"
/quartos/suite-multipla,alt,Suíte Múltipla na Pousada Aquino Mar em Paraty - foto 5,Galeria / slide 5,"pousada, Paraty"
/quartos/suite-multipla,aria-label,Fechar mensagem,Controles compartilhados / estados interativos,sem correspondência com termo-alvo
/quartos/suite-multipla,aria-label,Fale conosco pelo WhatsApp,Controles compartilhados / estados interativos,sem correspondência com termo-alvo
/quartos/suite-multipla,aria-label,Fechar menu,Controles compartilhados / estados interativos,sem correspondência com termo-alvo
/politica-de-privacidade-e-cookies,body (p),Ficou com alguma dúvida? Fale com a Pousada Aquino Mar pelo WhatsApp.,WhatsApp flutuante / mensagem temporizada,pousada
/politica-de-privacidade-e-cookies,aria-label,Fechar mensagem,Controles compartilhados / estados interativos,sem correspondência com termo-alvo
/politica-de-privacidade-e-cookies,aria-label,Fale conosco pelo WhatsApp,Controles compartilhados / estados interativos,sem correspondência com termo-alvo
/politica-de-privacidade-e-cookies,aria-label,Fechar menu,Controles compartilhados / estados interativos,sem correspondência com termo-alvo
